http://rss.feedsportal.com/c/32268/f/438244/s/11d5385f/l/0L0Sliberation0Bfr0Cmonde0C0A10A123147860Estatu0Equo0Eet0Erisque0Ede0Echaos/story01.htm,
http://rss.feedsportal.com/c/32268/f/438244/s/11d5385e/l/0L0Sliberation0Bfr0Cmonde0C0A10A123147380El0Eattentat0Eetait0Epiege/story01.htm,
http://rss.feedsportal.com/c/32268/f/438244/s/11d5385d/l/0L0Sliberation0Bfr0Cmonde0C0A10A12314820A0Epres0Ede0E20E0A0A0A0Emanifestants0Ea0Etunis/story01.htm,
http://rss.feedsportal.com/c/32268/f/438244/s/11d5385c/l/0L0Sliberation0Bfr0Cmonde0C0A10A123147550Ela0Ephrase/story01.htm,
http://rss.feedsportal.com/c/32268/f/438244/s/11d5385b/l/0L0Sliberation0Bfr0Cmonde0C0A10A123148150Ela0Epresse0Ede0Etunisie0Eepure0Esa0Elangue0Ede0Ebois/story01.htm,
http://rss.feedsportal.com/c/32268/f/438244/s/11d5385a/l/0L0Sliberation0Bfr0Cmonde0C0A10A123147470Elibe0Edans0Eles0Ekiosques0Etunisiens/story01.htm,
http://rss.feedsportal.com/c/32268/f/438244/s/11d53859/l/0L0Sliberation0Bfr0Cmonde0C0A10A123147560Een0Ebref/story01.htm,
http://rss.feedsportal.com/c/32268/f/438244/s/11d53858/l/0L0Sliberation0Bfr0Cmonde0C0A10A123148170Ela0Ephrase/story01.htm,
http://rss.feedsportal.com/c/32268/f/438244/s/11d53857/l/0L0Sliberation0Bfr0Cmonde0C0A10A123147520Eue0Eviktor0Eorb0En0Econspue0Ea0Estrasbourg/story01.htm,
http://rss.feedsportal.com/c/32268/f/438244/s/11d53856/l/0L0Sliberation0Bfr0Cmonde0C0A10A123147570Echiffre/story01.htm,
http://rss.feedsportal.com/c/32268/f/438244/s/11d53855/l/0L0Sliberation0Bfr0Cmonde0C0A10A123148180Echiffre/story01.htm,
http://rss.feedsportal.com/c/32268/f/438244/s/11d53854/l/0L0Sliberation0Bfr0Cmonde0C0A10A123147530Eun0Event0Ede0Exenophobie0Esouffle0Esur0Eisrael/story01.htm,
http://rss.feedsportal.com/c/32268/f/438244/s/11d53853/l/0L0Sliberation0Bfr0Cmonde0C0A10A123147840Elaurent0Egbagbo0Efera0El0Eobjet0Ed0Eun0Erecours0Ea0Ela0Eforce/story01.htm,
http://rss.feedsportal.com/c/32268/f/438244/s/11d53852/l/0L0Sliberation0Bfr0Cmonde0C0A10A123148190Eil0Ene0Efaut0Epas0Econfondre0Ediplomatie0Eet0Ecomplicite/story01.htm,
http://rss.feedsportal.com/c/32268/f/438244/s/11d53851/l/0L0Sliberation0Bfr0Cmonde0C0A10A123147540El0Eirlandais0Ebrian0Ecowen0Ereste0Ea0Ela0Etete0Ede0Eson0Eparti/story01.htm,
http://rss.feedsportal.com/c/32268/f/438244/s/11ce8f21/l/0L0Sliberation0Bfr0Cmonde0C0A10A123146190Eune0Eagence0Ede0Enotation0Eabaisse0Ed0Eun0Ecran0Ela0Enote0Ede0Ela0Etunisie/story01.htm,
http://rss.feedsportal.com/c/32268/f/438244/s/11d37539/l/0L0Sliberation0Bfr0Cmonde0C0A10A1231470A40Emam0Epointe0Eun0Erisque0Eimminent0Ed0Eenlevement0Edans0Ele0Enord0Edu0Emali/story01.htm,
http://rss.feedsportal.com/c/32268/f/438244/s/11d3753a/l/0L0Sliberation0Bfr0Cmonde0C0A10A1231470A10El0Eex0Ebanquier0Eayant0Einforme0Ewikileaks0Econdamne0Epour0Eviolation0Edu0Esecret0Ebancaire/story01.htm,
http://rss.feedsportal.com/c/32268/f/438244/s/11d2ed0e/l/0L0Sliberation0Bfr0Cmonde0C0A10A123146980Equatre0Eplaintes0Econtre0Eduvalier0Epour0Ecrimes0Econtre0El0Ehumanite/story01.htm,
http://rss.feedsportal.com/c/32268/f/438244/s/11d28d8f/l/0L0Sliberation0Bfr0Cmonde0C0A10A123146920Eliban0Eune0Emediation0Ede0Ela0Ederniere0Echance0Epour0Edenouer0Ela0Ecrise/story01.htm,
http://rss.feedsportal.com/c/32268/f/438244/s/11d28d90/l/0L0Sliberation0Bfr0Cmonde0C0A10A123146870El0Eonu0Evote0Eun0Erenfort0Ede0E20E0A0A0A0Ehommes0Een0Ecote0Ed0Eivoire/story01.htm,
http://rss.feedsportal.com/c/32268/f/438244/s/11d21da7/l/0L0Sliberation0Bfr0Cmonde0C0A10A123146740Esud0Esoudan0El0Eindependance0Eplebiscitee0Eselon0Edes0Eresultats0Epreliminaires/story01.htm,
http://rss.feedsportal.com/c/32268/f/438244/s/11cf6b08/l/0L0Sliberation0Bfr0Cpolitiques0C0A10A123146390Etunisie0Ebayrou0Etrouve0Ela0Ebourde0Ede0Emam0Etres0Erevelatrice/story01.htm,
http://rss.feedsportal.com/c/32268/f/438244/s/11b8eda8/l/0L0Sliberation0Bfr0Cmonde0C110A112520Eregardez0El0Eactualite/story01.htm,
http://rss.feedsportal.com/c/32268/f/438244/s/11d1658e/l/0Ljournal0Bliberation0Bfr0Cpublication0Cliberation0C5130C0T0W0C0A0I0A/story01.htm,
http://rss.feedsportal.com/c/32268/f/438245/s/11d33fc3/l/0L0Sliberation0Bfr0Cpolitiques0C0A10A123146990Eune0Enote0Edu0Eministere0Ede0El0Einterieur0Edemonte0Ela0Edefense0Ede0Ehuchon/story01.htm,
http://rss.feedsportal.com/c/32268/f/438245/s/11d1f581/l/0L0Sliberation0Bfr0Cpolitiques0C0A10A123146590Eradicaux0Eun0Econgres0Epour0Ecouper0Ele0Ecordon0Eavec0El0Eump/story01.htm,
http://rss.feedsportal.com/c/32268/f/438245/s/11cfb039/l/0L0Sliberation0Bfr0Cpolitiques0C0A10A123146390Etunisie0Ebayrou0Etrouve0Ela0Ebourde0Ede0Emam0Etres0Erevelatrice/story01.htm,
http://rss.feedsportal.com/c/32268/f/438245/s/11cbeb45/l/0L0Sliberation0Bfr0Cpolitiques0C0A10A123145710Etunis0Eparis0Ele0Eregne0Edu0Enon0Edit/story01.htm,
http://rss.feedsportal.com/c/32268/f/438245/s/11cbeb40/l/0L0Sliberation0Bfr0Cpolitiques0C0A10A12314580A0Emam0Erattrapee0Epar0Eune0Echute0Ede0Eregime/story01.htm,
http://rss.feedsportal.com/c/32268/f/438245/s/11cbeb49/l/0L0Sliberation0Bfr0Cpolitiques0C0A10A123145820Eun0Efiasco0Equi0Es0Eest0Ejoue0Eau0Echateau/story01.htm,
http://rss.feedsportal.com/c/32268/f/438245/s/11cbeb48/l/0L0Sliberation0Bfr0Cpolitiques0C0A10A123145550Egrand0Eparis0Ehuchon0Elache0Epar0Eles0Everts/story01.htm,
http://rss.feedsportal.com/c/32268/f/438245/s/11cbeb47/l/0L0Sliberation0Bfr0Cpolitiques0C0A10A123145420Ereperes/story01.htm,
http://rss.feedsportal.com/c/32268/f/438245/s/11cbeb46/l/0L0Sliberation0Bfr0Cpolitiques0C0A10A123145410Elaurent0Efabius0Equel0Eleurre0Eest0Eil/story01.htm,
http://rss.feedsportal.com/c/32268/f/438245/s/11cbeb44/l/0L0Sliberation0Bfr0Cpolitiques0C0A10A123145440Eles0Eacteurs0Ecles/story01.htm,
http://rss.feedsportal.com/c/32268/f/438245/s/11cbeb43/l/0L0Sliberation0Bfr0Cpolitiques0C0A10A123145510Eun0Eministre0Esur0Ela0Edefensive0Ea0El0Eassemblee/story01.htm,
http://rss.feedsportal.com/c/32268/f/438245/s/11cbeb42/l/0L0Sliberation0Bfr0Cpolitiques0C0A10A123145790Everbatim/story01.htm,
http://rss.feedsportal.com/c/32268/f/438245/s/11cbeb41/l/0L0Sliberation0Bfr0Cpolitiques0C0A10A123145520Equand0Esarkozy0Econfond0Eles0Edeux0Erives0Edu0Erhin/story01.htm,
http://rss.feedsportal.com/c/32268/f/438245/s/11cbeb3f/l/0L0Sliberation0Bfr0Cpolitiques0C0A10A123145530Een0Ebref/story01.htm,
http://rss.feedsportal.com/c/32268/f/438245/s/11c8654a/l/0L0Sliberation0Bfr0Cmonde0C0A10A123144510Eotages0Etues0Eau0Eniger0Ealain0Ejuppe0Elivre0Esa0Eversion/story01.htm,
http://rss.feedsportal.com/c/32268/f/438245/s/11c8cc61/l/0L0Sliberation0Bfr0Cpolitiques0C0A10A123144620Esarkozy0Edonne0Enettement0Ebattu0Epar0Edsk0Ecomme0Epar0Eaubry/story01.htm,
http://rss.feedsportal.com/c/32268/f/438245/s/11c8cc62/l/0L0Sliberation0Bfr0Csociete0C0A10A123144590Eun0Etexte0Elegalisant0El0Eeuthanasie0Eadopte0Een0Ecommission0Eau0Esenat/story01.htm,
http://rss.feedsportal.com/c/32268/f/438245/s/11c802af/l/0L0Sliberation0Bfr0Cpolitiques0C0A10A12314450A0Emelenchon0Eveut0Eune0Eautre0Econfrontation0Eavec0Ele0Efn/story01.htm,
http://rss.feedsportal.com/c/32268/f/438245/s/11c8cc63/l/0L0Sliberation0Bfr0Cpolitiques0C0A10A123144490Etunisie0Emam0Escandalisee0Eque0Ecertains0Eaient0Evoulu0Edeformer0Eses0Epropos/story01.htm,
http://rss.feedsportal.com/c/32268/f/438245/s/11c7c4f7/l/0L0Sliberation0Bfr0Cpolitiques0C0A60A129310Eallemagne0Ealsace0Emais0Eou0Eest0Esarkozy/story01.htm,
http://rss.feedsportal.com/c/32268/f/438245/s/11c802b0/l/0L0Slibestrasbourg0Bfr0Cactu0C20A110C0A10Cterre0E0Je0A0Eterre0Esarkozy0Eseduit0Eles0Eagricilteurs0Ealsaciens0Bhtml/story01.htm,
http://rss.feedsportal.com/c/32268/f/438245/s/11c5c79b/l/0L0Sliberation0Bfr0Cpolitiques0C0A10A123143830Eles0Esyndicats0Ede0El0Eeducation0Enationale0Eboycottent0Eles0Evoeux0Ede0Esarkozy/story01.htm,
http://rss.feedsportal.com/c/32268/f/438245/s/11c72f35/l/0Lecologie0Bblogs0Bliberation0Bfr0Ceuro0Eecolos0C20A110C0A10Cquelques0Enouvelles0Edu0Egreenpeace0Ede0Ela0Efinance0Bhtml/story01.htm,
http://rss.feedsportal.com/c/32268/f/438245/s/11be5e5e/l/0L0Sliberation0Bfr0Cpolitiques0C0A10A123142250Epourquoi0Ea0Et0Eon0Eannule0Ela0Econference0Ede0Ehessel/story01.htm,
http://rss.feedsportal.com/c/32268/f/438245/s/11c12ed3/l/0L0Sliberation0Bfr0Cpolitiques0C0A10A123142840Ereperes/story01.htm,
http://www.liberation.fr/societe/01012314778-chiffre,
http://www.liberation.fr/societe/01012314736-tunisie-la-defaillance-francaise,
http://www.liberation.fr/societe/01012314800-hlm-la-bataille-de-paris-contre-le-gouvernement,
http://www.liberation.fr/societe/01012314777-angolagate-pasqua-regrette-l-absence-de-chirac,
http://www.liberation.fr/societe/01012314735-il-faut-une-convergence-contestatrice,
http://www.liberation.fr/societe/01012314788-reperes,
http://www.liberation.fr/societe/01012314776-spaggiari-mythomane-cambrioleur,
http://www.liberation.fr/societe/01012314734-retrouver-les-attributs-de-la-souverainete,
http://www.liberation.fr/societe/01012314787-farid-lamouchi-un-menu-larcin-une-garde-a-vue-et-un-suicide,
http://www.liberation.fr/societe/01012314760-le-laboratoire-servier-cerne-de-toute-part,
http://www.liberation.fr/societe/01012314810-la-meilleure-tactique-ce-sont-des-actes,
http://www.liberation.fr/societe/01012314733-nous-devons-moderniser-la-republique-pour-sauver-le-pacte-republicain,
http://www.liberation.fr/societe/01012314779-une-enfant-de-9-ans-se-suicide-pres-de-lyon,
http://www.liberation.fr/societe/01012314737-reformer-la-garde-a-vue-avec-un-peu-d-audace-et-de-raison,
http://www.liberation.fr/societe/01012314801-ces-maires-qui-refusent-le-logement-social,
http://sciences.blogs.liberation.fr/home/2011/01/un-totex-érigé-à-jussieu.html,
http://www.liberation.fr/societe/01012314558-louise-peltzer-se-defend-de-tout-plagiat,
http://www.liberation.fr/societe/01012314554-bernadette-groison-fsu-boude-les-v-ux-presidentiels,
http://www.liberation.fr/politiques/01012314383-les-syndicats-de-l-education-nationale-boycottent-les-voeux-de-sarkozy,
http://www.liberennes.fr/libe/2011/01/plus-deleves-moins-de-profs-denoncent-les-proviseurs-de-lacademie-de-rennes.html,
http://www.liberation.fr/vous/01012314269-ils-disent-non-aux-evaluations,
http://www.liberation.fr/societe/01012314286-m-dame-la-presidente-a-copie,
http://sciences.blogs.liberation.fr/home/2011/01/le-cneser-critique-le-budget-2011-des-universités.html,
http://www.liberation.fr/societe/01012314129-nouvelle-evaluation-des-eleves-de-cm2-sur-fond-de-polemique,
http://classes.blogs.liberation.fr/soule/2011/01/profs-un-mi-temps-à-573-euros-par-mois.html,
http://www.liberation.fr/societe/01012313839-facs-sois-excellente-et-tu-auras-de-l-argent,
http://www.liberation.fr/societe/01012313641-des-stages-moins-payes-pour-les-futurs-profs-plus-d-eleves-dans-les-classes,
http://www.liberation.fr/societe/01012313496-l-education-en-zone-difficile-va-etre-reorganisee,
http://sciences.blogs.liberation.fr/home/2011/01/polemique-entre-pecresse-et-monthubert-sur-la-licence.html,
http://www.liberation.fr/societe/01012313373-chatel-heurte-des-enseignants,
http://rss.feedsportal.com/c/32268/f/438247/s/11d53970/l/0L0Sliberation0Bfr0Ceconomie0C0A10A1231480A40Ereperes/story01.htm,
http://rss.feedsportal.com/c/32268/f/438247/s/11d5396f/l/0L0Sliberation0Bfr0Ceconomie0C0A10A123148140Eun0Eprogramme0Eeconomique0Eflou0Eet0Eattrape0Etout/story01.htm,
http://rss.feedsportal.com/c/32268/f/438247/s/11d5396e/l/0L0Sliberation0Bfr0Ceconomie0C0A10A123148210Ecout0Edu0Etravail0Eparis0Eobsede0Epar0El0Eallemagne/story01.htm,
http://rss.feedsportal.com/c/32268/f/438247/s/11d5396d/l/0L0Sliberation0Bfr0Ceconomie0C0A10A1231480A30Esncf0Eles0Edouze0Elignes0Edurailles/story01.htm,
http://rss.feedsportal.com/c/32268/f/438247/s/11d50702/l/0L0Sliberation0Bfr0Ceconomie0C0A10A123147610Ecyberattaque0Esur0Eles0Eechanges0Ede0Eco20Een0Eeurope/story01.htm,
http://rss.feedsportal.com/c/32268/f/438247/s/11d50701/l/0L0Sliberation0Bfr0Ceconomie0C0A10A123147630Eanne0Elauvergeon0Esoutenue0Ea0El0Eassemblee/story01.htm,
http://rss.feedsportal.com/c/32268/f/438247/s/11d178e3/l/0L0Sliberation0Bfr0Cculture0C0A10A123146380Earchives0Ele0Ebras0Ede0Efer0Econtinue0Eentre0Epersonnel0Eet0Eministere0Ede0Ela0Eculture/story01.htm,
http://rss.feedsportal.com/c/32268/f/438247/s/11d3aff5/l/0L0Slibetoulouse0Bfr0C20A0A70C20A110C0A10Ctetalab0Eces0Ehackers0Etoulousains0Equi0Eaident0Ewikilieaks0Bhtml/story01.htm,
http://rss.feedsportal.com/c/32268/f/438247/s/11d2ef94/l/0Lsciences0Bblogs0Bliberation0Bfr0Chome0C20A110C0A10Cnucl0Je9aire0Edes0Ed0Je9put0Je9s0Esoutiennent0Eanne0Elauvergeon0Bhtml/story01.htm,
http://rss.feedsportal.com/c/32268/f/438247/s/11d26126/l/0L0Sliberation0Bfr0Ceconomie0C0A10A123146810Eespionnage0Echez0Erenault0Eun0Edes0Ecadres0Elicencies0Eporte0Eplainte/story01.htm,
http://rss.feedsportal.com/c/32268/f/438247/s/11d178e5/l/0L0Sliberennes0Bfr0Clibe0C20A110C0A10Ceiffage0Econstruira0Ela0Eligne0E0Je0A0Egrande0Evitesse0Ebretagne0Epays0Ede0Ela0Eloire0Bhtml/story01.htm,
http://rss.feedsportal.com/c/32268/f/438247/s/11ca3cba/l/0L0Sliberation0Bfr0Ceconomie0C0A10A123145640Echiffre/story01.htm,
http://rss.feedsportal.com/c/32268/f/438247/s/11ca3cb9/l/0L0Sliberation0Bfr0Ceconomie0C0A10A123145470Een0Ebref/story01.htm,
http://rss.feedsportal.com/c/32268/f/438247/s/11ca3cb8/l/0L0Sliberation0Bfr0Ceconomie0C0A10A123145650Een0Ebourse0Eapple0Eresiste0Eau0Emanque0Ede0Ejobs/story01.htm,
http://rss.feedsportal.com/c/32268/f/438247/s/11ca3cb7/l/0L0Sliberation0Bfr0Ceconomie0C0A10A123145610Eles0Etetes0Etournent0Epour0Ela0Ebce/story01.htm,
http://rss.feedsportal.com/c/32268/f/438247/s/11ca3cb6/l/0L0Sliberation0Bfr0Ceconomie0C0A10A123145660Ela0Ephrase/story01.htm,
http://rss.feedsportal.com/c/32268/f/438247/s/11ca3cb5/l/0L0Sliberation0Bfr0Ceconomie0C0A10A123145620Ereperes/story01.htm,
http://rss.feedsportal.com/c/32268/f/438247/s/11ca3cb4/l/0L0Sliberation0Bfr0Ceconomie0C0A10A123145670El0Eex0Epdg0Ede0Emoulinex0Ebientot0Edevant0Eles0Etribunaux/story01.htm,
http://rss.feedsportal.com/c/32268/f/438247/s/11ca3cb3/l/0L0Sliberation0Bfr0Ceconomie0C0A10A123144920Eun0Efinancement0Epour0El0Eallocation0Edependance/story01.htm,
http://rss.feedsportal.com/c/32268/f/438247/s/11ca3cb2/l/0L0Sliberation0Bfr0Ceconomie0C0A10A123145630Een0Ebref/story01.htm,
http://rss.feedsportal.com/c/32268/f/438247/s/11ca3cb1/l/0L0Sliberation0Bfr0Ceconomie0C0A10A123145450Ela0Echine0Eprompte0Ea0Eepurer0Eles0Echiffres0Ede0Esa0Epollution/story01.htm,
http://rss.feedsportal.com/c/32268/f/438247/s/11c767c3/l/0Lecologie0Bblogs0Bliberation0Bfr0Ceuro0Eecolos0C20A110C0A10Cquelques0Enouvelles0Edu0Egreenpeace0Ede0Ela0Efinance0Bhtml/story01.htm,
http://rss.feedsportal.com/c/32268/f/438247/s/11c5868f/l/0Lresultat0Eexploitations0Bblogs0Bliberation0Bfr0Cfinances0C20A110C0A10Cmadoff0Bhtml/story01.htm,
http://rss.feedsportal.com/c/32268/f/438247/s/11c2caef/l/0L0Sliberation0Bfr0Ceconomie0C0A10A123143610Ecreations0Ed0Eentreprise0Enouveau0Erecord0Eatteint0Een0Efrance/story01.htm,
http://rss.feedsportal.com/c/32268/f/438247/s/11c27c0a/l/0L0Sliberation0Bfr0Ceconomie0C0A10A123143530Ela0Echine0Eest0Eplus0Epreteuse0Eque0Ela0Ebanque0Emondiale/story01.htm,
http://rss.feedsportal.com/c/32268/f/438248/s/11cbff99/l/0L0Sliberation0Bfr0Ceconomie0C0A10A123145450Ela0Echine0Eprompte0Ea0Eepurer0Eles0Echiffres0Ede0Esa0Epollution/story01.htm,
http://rss.feedsportal.com/c/32268/f/438248/s/11cbff98/l/0L0Sliberation0Bfr0Cterre0C0A10A123145480Eogm0Ele0Edebat0Eimpossible/story01.htm,
http://rss.feedsportal.com/c/32268/f/438248/s/11cbff97/l/0L0Sliberation0Bfr0Ceconomie0C0A10A123145470Een0Ebref/story01.htm,
http://rss.feedsportal.com/c/32268/f/438248/s/11cbff96/l/0L0Sliberation0Bfr0Cterre0C0A10A123145460Ephotovoltaique0Eune0Eaide0Ejugee0Epeu0Eenergique/story01.htm,
http://rss.feedsportal.com/c/32268/f/438248/s/11c1305d/l/0L0Sliberation0Bfr0Ceconomie0C0A10A123142940Eil0Efaut0Eune0Ebanque0Ecentrale0Emondiale0Edes0Edenrees/story01.htm,
http://rss.feedsportal.com/c/32268/f/438248/s/11c1305c/l/0L0Sliberation0Bfr0Ceconomie0C0A10A123142930Ela0Ebombe0Ea0Eretardement0Ealimentaire/story01.htm,
http://rss.feedsportal.com/c/32268/f/438248/s/11bb69c3/l/0L0Slibetoulouse0Bfr0C20A0A70C20A110C0A10Cbruno0Epraderie0E0Je0A0Enicolas0Esarkozy0Evous0Evous0Emoquez0Edu0Emonde0Bhtml/story01.htm,
http://rss.feedsportal.com/c/32268/f/438248/s/11bb69c4/l/0L0Slibestrasbourg0Bfr0Cactu0C20A110C0A10Clourde0Epeine0Een0Eappel0Epour0Ele0Ecoupeur0Ede0Evigne0Eogm0Bhtml/story01.htm,
http://rss.feedsportal.com/c/32268/f/438248/s/11b6ba14/l/0L0Sliberation0Bfr0Cterre0C0A10A123140A830Ereperes/story01.htm,
http://rss.feedsportal.com/c/32268/f/438248/s/11b6ba13/l/0L0Sliberation0Bfr0Cterre0C0A10A123140A820Ela0Eterre0Es0Eest0Edecollee0Edes0Emontagnes/story01.htm,
http://rss.feedsportal.com/c/32268/f/438248/s/11a8322e/l/0L0Sliberation0Bfr0Cterre0C0A10A123138310Ereperes/story01.htm,
http://rss.feedsportal.com/c/32268/f/438248/s/11a83224/l/0L0Sliberation0Bfr0Cterre0C0A10A12313830A0Ebresil0Eune0Ecatastrophe0Epas0Esi0Enaturelle/story01.htm,
http://rss.feedsportal.com/c/32268/f/438248/s/119f7404/l/0L0Slibestrasbourg0Bfr0Cactu0C20A110C0A10Csarkozy0Einterpelle0Esur0Ele0Egco0Bhtml/story01.htm,
http://rss.feedsportal.com/c/32268/f/438248/s/119dec9e/l/0L0Sliberation0Bfr0Cterre0C0A10A123135730Een0E20A10A0Ela0Eplanete0Es0Eest0Efait0Eune0Egrosse0Echaleur/story01.htm,
http://rss.feedsportal.com/c/32268/f/438248/s/119dec9d/l/0L0Sliberation0Bfr0Cterre0C0A10A123135750Ereperes/story01.htm,
http://rss.feedsportal.com/c/32268/f/438248/s/119dec9c/l/0L0Sliberation0Bfr0Cterre0C0A10A123135740Eni0Ea0Eet0Emoussons0Eremuent0Eciel0Eet0Eterre/story01.htm,
http://rss.feedsportal.com/c/32268/f/438248/s/1199e998/l/0L0Slibestrasbourg0Bfr0Cactu0C20A110C0A10Cfeu0Evert0Epour0Eun0Eprojet0Ede0Egeothermie0Ea0Eusage0Eindustriel0Bhtml/story01.htm,
http://rss.feedsportal.com/c/32268/f/438248/s/119328b6/l/0L0Sliberation0Bfr0Ceconomie0C0A10A12313320A0Ereperes/story01.htm,
http://rss.feedsportal.com/c/32268/f/438248/s/119328b4/l/0L0Sliberation0Bfr0Cterre0C0A10A123133190Eallemagne0Ela0Ebasse0Ecour0Ea0Esa0Eperte/story01.htm,
http://rss.feedsportal.com/c/32268/f/438248/s/1190330b/l/0L0Sliberation0Bfr0Cterre0C0A10A123132870Ela0Ecampagne0Eareva0Etrop0Everte0Epour0Eetre0Ehonnete/story01.htm,
http://rss.feedsportal.com/c/32268/f/438248/s/118874a0/l/0L0Sliberation0Bfr0Cterre0C0A10A123130A860Ereperes/story01.htm,
http://rss.feedsportal.com/c/32268/f/438248/s/1188749f/l/0L0Sliberation0Bfr0Cterre0C0A10A123130A850Edes0Ejets0Ed0Eantimatiere0Edans0Eles0Eorages0Ede0Ela0Eterre/story01.htm,
http://rss.feedsportal.com/c/32268/f/438248/s/1188749e/l/0L0Sliberation0Bfr0Cterre0C0A10A123130A840Ele0Ecosmos0Eselon0Eplanck/story01.htm,
http://rss.feedsportal.com/c/32268/f/438248/s/115beb20/l/0L0Sliberation0Bfr0Cterre0C110A112320Evisite0Eguidee0Edes0Eserres0Ed0Eauteuil/story01.htm,
http://rss.feedsportal.com/c/32268/f/438248/s/115a1056/l/0L0Sliberation0Bfr0Cterre0C0A10A123122560Edioxine0Edes0Emilliers0Ede0Efermes0Eprovisoirement0Efermees0Een0Eallemagne/story01.htm,
http://rss.feedsportal.com/c/32268/f/438250/s/11d3ad10/l/0L0Slibetoulouse0Bfr0C20A0A70C20A110C0A10Ctetalab0Eces0Ehackers0Etoulousains0Equi0Eaident0Ewikilieaks0Bhtml/story01.htm,
http://rss.feedsportal.com/c/32268/f/438250/s/11cff99a/l/0L0Sliberation0Bfr0Cmedias0C0A60A129330Eecrans0Efr0Ele0Epodcast0Ewikipedia0Ea0Edix0Eans/story01.htm,
http://rss.feedsportal.com/c/32268/f/438250/s/11ceab2f/l/0Ljournal0Bliberation0Bfr0Cpublication0Cliberation0C5130C0T0W0C0A0I0A/story01.htm,
http://rss.feedsportal.com/c/32268/f/438250/s/11cbf84a/l/0L0Sliberation0Bfr0Cmedias0C0A10A123145350Ele0Ecsa0Es0Eaccroche0Ea0Ela0Etoile/story01.htm,
http://rss.feedsportal.com/c/32268/f/438250/s/11cbf849/l/0L0Sliberation0Bfr0Cmedias0C0A10A123145230Efrederic0Etaddei0Ece0Esoir0Eou0Eune0Efois0Epar0Esemaine/story01.htm,
http://rss.feedsportal.com/c/32268/f/438250/s/11cbf848/l/0L0Sliberation0Bfr0Cmedias0C0A10A123145210Ela0Ebbc0Ede0Epere0Een0Efils0Ecache/story01.htm,
http://rss.feedsportal.com/c/32268/f/438250/s/11cbf847/l/0L0Sliberation0Bfr0Cmedias0C0A10A123145360Eeurope0E10E50A0A0E0A0A0A0Eauditeurs0Eperdus0E10Eun0Egadin/story01.htm,
http://rss.feedsportal.com/c/32268/f/438250/s/11cbf846/l/0L0Sliberation0Bfr0Cmedias0C0A10A123145240Echiffre/story01.htm,
http://rss.feedsportal.com/c/32268/f/438250/s/11cbf845/l/0L0Sliberation0Bfr0Cmedias0C0A10A123145190Een0Ebref/story01.htm,
http://rss.feedsportal.com/c/32268/f/438250/s/11cbf844/l/0L0Sliberation0Bfr0Cmedias0C0A10A123145220Eles0Echoix/story01.htm,
http://rss.feedsportal.com/c/32268/f/438250/s/11cbf843/l/0L0Sliberation0Bfr0Cmedias0C0A10A12314520A0Echiffre/story01.htm,
http://rss.feedsportal.com/c/32268/f/438250/s/11bef9df/l/0L0Sliberation0Bfr0Cmedias0C0A10A123142620Eje0Esuis0Etoujours0Einquiet0Epour0Ele0Eweb/story01.htm,
http://rss.feedsportal.com/c/32268/f/438250/s/11c56261/l/0L0Sliberation0Bfr0Cculture0C0A10A123143810Epatrick0Epoivre0Ed0Earvor0Ea0Enouveau0Eaccuse0Ede0Eplagiat/story01.htm,
http://rss.feedsportal.com/c/32268/f/438250/s/11bef9de/l/0L0Sliberation0Bfr0Cmedias0C0A10A123142650Eles0Echoix/story01.htm,
http://rss.feedsportal.com/c/32268/f/438250/s/11bef9dd/l/0L0Sliberation0Bfr0Cmedias0C0A10A123142670El0Einformation0Ea0Ela0Eportee0Edes0Ecaniches0Eportables/story01.htm,
http://rss.feedsportal.com/c/32268/f/438250/s/11bef9dc/l/0L0Sliberation0Bfr0Cmedias0C0A10A123142680Emichel0Ebutel0Eun0Eautre0Ecandidat0Epour0Ela0Edirection0Edu0Emonde/story01.htm,
http://rss.feedsportal.com/c/32268/f/438250/s/11bef9db/l/0L0Sliberation0Bfr0Cmedias0C0A10A123142630Epiers0Emorgan0Enouveau0Eking0Ede0Ecnn/story01.htm,
http://rss.feedsportal.com/c/32268/f/438250/s/11bef9da/l/0L0Sliberation0Bfr0Cmedias0C0A10A123142640Echiffre/story01.htm,
http://rss.feedsportal.com/c/32268/f/438250/s/11bef9d9/l/0L0Sliberation0Bfr0Cmedias0C0A10A123142660Eun0Epirate0Eface0Ea0Ela0Ejustice0Eeuropeenne/story01.htm,
http://rss.feedsportal.com/c/32268/f/438250/s/11bdaf93/l/0L0Secrans0Bfr0CJ0Eadore0EApple0Eet0Ej0Eespere0Eetre0Ede0H117780Bhtml/story01.htm,
http://rss.feedsportal.com/c/32268/f/438250/s/11bce505/l/0L0Sliberennes0Bfr0Clibe0C20A110C0A10Cwiki0Erennes0Ela0Eville0Evue0Eet0Eracontee0Epar0Eses0Ehabitants0Bhtml/story01.htm,
http://rss.feedsportal.com/c/32268/f/438250/s/11bac78b/l/0Ljournal0Bliberation0Bfr0Cpublication0Cliberation0C5110C0T0W0C0A0I0A/story01.htm,
http://rss.feedsportal.com/c/32268/f/438250/s/11b6ac73/l/0L0Sliberation0Bfr0Cmedias0C0A10A123140A40A0Ejoseph0Epoli0Emadame0Emonsieur0Ebonsoir/story01.htm,
http://rss.feedsportal.com/c/32268/f/438250/s/11b6ac72/l/0L0Sliberation0Bfr0Cmedias0C0A10A123140A380Eassange0Ereprend0Edes0Ecouleurs/story01.htm,
http://rss.feedsportal.com/c/32268/f/438250/s/11b6ac70/l/0L0Sliberation0Bfr0Cmedias0C0A10A123140A60A0Efrance0Esoir0El0Ehymne0Ea0Ela0Emue/story01.htm,
http://www.liberation.fr/sports/01012314705-armstrong-accuse-d-etre-l-instigateur-d-un-dopage-organise,
http://poker.blogs.liberation.fr/full/2011/01/tenir-la-pression.html,
http://www.liberation.fr/sports/11011253-le-sport-au-jour-le-jour,
http://www.liberation.fr/sports/01012314506-l-allemagne-et-l-espagne-c-est-d-un-autre-tonneau,
http://www.liberation.fr/sports/01012314507-tsonga-en-cinq-sets-les-cadors-en-cinq-sec,
http://www.liberation.fr/sports/01012314508-dopage-jouanno-cible-les-sports-co,
http://www.liberation.fr/sports/01012314505-en-bref,
http://www.liberation.fr/sports/01012314509-chiffre,
http://www.liberation.fr/sports/01012314248-justine-henin-n-est-pas-passee-loin-du-revers,
http://www.liberation.fr/sports/01012314249-byron-moreno-enfin-un-arbitre-qui-plaide-coupable,
http://www.liberation.fr/sports/01012314253-ca-va-swinguer-pour-pas-cher-a-pyongyang,
http://www.liberation.fr/sports/01012314251-en-bref,
http://www.liberation.fr/sports/01012314250-la-phrase,
http://www.liberation.fr/sports/01012314254-foot-les-bleus-changent-de-maillot,
http://www.liberation.fr/sports/01012314252-chiffre,
http://rss.feedsportal.com/c/32268/f/438251/s/11d46baa/l/0L0Sliberation0Bfr0Cculture0C0A10A123147390Ela0Ebelle0Eapeuree/story01.htm,
http://rss.feedsportal.com/c/32268/f/438251/s/11d46ba6/l/0L0Sliberation0Bfr0Ctheatre0C0A10A123147480Ela0Ecite0Esans0Ececite/story01.htm,
http://rss.feedsportal.com/c/32268/f/438251/s/11d3f827/l/0L0Sliberation0Bfr0Clivres0C0A10A123147230Echimies0Ede0Ela0Enuit/story01.htm,
http://rss.feedsportal.com/c/32268/f/438251/s/11d3f824/l/0L0Sliberation0Bfr0Clivres0C0A10A123147130Emax0Eemma0Eamp0Ecoe/story01.htm,
http://rss.feedsportal.com/c/32268/f/438251/s/11d3f821/l/0L0Sliberation0Bfr0Clivres0C0A10A123147190Elivres0Een0Ebref/story01.htm,
http://rss.feedsportal.com/c/32268/f/438251/s/11d3f81e/l/0L0Sliberation0Bfr0Clivres0C0A10A123147240El0Eamour0Ea0Eses0Eroseaux/story01.htm,
http://rss.feedsportal.com/c/32268/f/438251/s/11d3f81a/l/0L0Sliberation0Bfr0Clivres0C0A10A123147140Evie0Een0Eexil0Ede0Emon0Eoncle0Enapoleon/story01.htm,
http://rss.feedsportal.com/c/32268/f/438251/s/11d3f817/l/0L0Sliberation0Bfr0Clivres0C0A10A12314720A0Elivres0Evient0Ede0Eparaitre/story01.htm,
http://rss.feedsportal.com/c/32268/f/438251/s/11d3f816/l/0L0Sliberation0Bfr0Clivres0C0A10A123147250Ejames0Eellroy/story01.htm,
http://rss.feedsportal.com/c/32268/f/438251/s/11d3f815/l/0L0Sliberation0Bfr0Clivres0C0A10A123147150Eje0Eme0Esuis0Eretrouve0Eau0Emileu0Ede0Egens0Ebizarres0Eet0Eextravagants0Equi0Eetaient0Emes0Eoncles0Etantes0Eet0Ecousins/story01.htm,
http://rss.feedsportal.com/c/32268/f/438251/s/11d3f814/l/0L0Sliberation0Bfr0Clivres0C0A10A123147210Ele0Ecapitalisme0Eest0Eun0Efetichisme/story01.htm,
http://rss.feedsportal.com/c/32268/f/438251/s/11d3f812/l/0L0Sliberation0Bfr0Clivres0C0A10A123147260Ejuan0Ebenet0El0Eair0Ede0Ela0Eguerre/story01.htm,
http://rss.feedsportal.com/c/32268/f/438251/s/11d3f811/l/0L0Sliberation0Bfr0Clivres0C0A10A123147170Eclassement0Edatalib0Edes0Eventes0Ede0Elivres/story01.htm,
http://rss.feedsportal.com/c/32268/f/438251/s/11d3f810/l/0L0Sliberation0Bfr0Clivres0C0A10A123147220Ela0Eregle0Edes0Etrois0Ec/story01.htm,
http://rss.feedsportal.com/c/32268/f/438251/s/11d3f80f/l/0L0Sliberation0Bfr0Clivres0C0A10A123147180Esur0Eliberation0Efr/story01.htm,
http://rss.feedsportal.com/c/32268/f/438251/s/11d15faa/l/0L0Sliberation0Bfr0Cculture0C0A10A123146380Earchives0Ele0Ebras0Ede0Efer0Econtinue0Eentre0Epersonnel0Eet0Eministere0Ede0Ela0Eculture/story01.htm,
http://rss.feedsportal.com/c/32268/f/438251/s/11d2f796/l/0Lnext0Bliberation0Bfr0Carts0C0A10A123146820Eun0Ehotel0Epoubelle0Ea0Emadrid/story01.htm,
http://rss.feedsportal.com/c/32268/f/438251/s/11d3a80b/l/0L0Slibetoulouse0Bfr0C20A0A70C20A110C0A10Ctetalab0Eces0Ehackers0Etoulousains0Equi0Eaident0Ewikilieaks0Bhtml/story01.htm,
http://rss.feedsportal.com/c/32268/f/438251/s/11bba264/l/0L0Sliberation0Bfr0Cculture0C120A140A20Ecinema0Epoupoupidou/story01.htm,
http://rss.feedsportal.com/c/32268/f/438251/s/11d15fa9/l/0L0Sliberation0Bfr0Cculture0C0A10A123146580Enicolas0Esarkozy0Eil0En0Eest0Epas0Equestion0Ede0Evendre0El0Ehotel0Ede0Ela0Emarine/story01.htm,
http://rss.feedsportal.com/c/32268/f/438251/s/11d1b19a/l/0Lnext0Bliberation0Bfr0Carts0C0A10A123146540Ebasquiat0Efait0Enocturne/story01.htm,
http://rss.feedsportal.com/c/32268/f/438251/s/11cc03e3/l/0Lnext0Bliberation0Bfr0Ccinema0C0A10A123144770Epropriete0Einterdite0Ela0Ecave0Ese0Erebiffe/story01.htm,
http://rss.feedsportal.com/c/32268/f/438251/s/11cf6720/l/0Lnext0Bliberation0Bfr0Carts0C0A10A123146320El0Eexpo0Emonet0Evers0Eles0E910A0E0A0A0A0Evisiteurs0Eencore0Emieux0Eque0Epicasso0Een0E20A0A9/story01.htm,
http://rss.feedsportal.com/c/32268/f/438251/s/de285f4/l/0Lnext0Bliberation0Bfr0Cbandes0Eannonces0Esorties0Ede0Ela0Esemaine0H99941/story01.htm,
http://rss.feedsportal.com/c/32268/f/438251/s/11cdbbf5/l/0Lnext0Bliberation0Bfr0Ccritiques0Ecinema0H99935/story01.htm,
http://www.lemonde.fr/sport/article/2011/01/19/l-om-retrouve-montpellier-en-finale-de-la-coupe-de-la-ligue_1467951_3242.html#xtor=RSS-3208,
http://www.lemonde.fr/societe/article/2011/01/19/reforme-de-la-garde-a-vue-pas-d-avocat-pas-de-condamnation_1467950_3224.html#xtor=RSS-3208,
http://www.lemonde.fr/planete/article/2011/01/19/les-seropositifs-presentent-des-risques-accrus-d-attaques-cerebrales_1467947_3244.html#xtor=RSS-3208,
http://www.lemonde.fr/sport/article/2011/01/19/ligue-1-lille-prend-le-large-en-battant-nancy-3-0_1467945_3242.html#xtor=RSS-3208,
http://www.lemonde.fr/economie/article/2011/01/19/l-allemagne-plancherait-sur-une-restructuration-de-la-dette-grecque_1467939_3234.html#xtor=RSS-3208,
http://www.lemonde.fr/planete/article/2011/01/19/la-migraine-est-sans-danger-pour-le-cerveau_1467926_3244.html#xtor=RSS-3208,
http://www.lemonde.fr/europe/article/2011/01/19/rubygate-berlusconi-veut-une-loi-pour-garantir-l-immunite-judiciaire-des-elus_1467935_3214.html#ens_id=1191686&xtor=RSS-3208,
http://www.lemonde.fr/sport/article/2011/01/19/handball-les-bleus-se-jouent-de-l-allemagne-30-23_1467934_3242.html#xtor=RSS-3208,
http://www.lemonde.fr/tunisie/article/2011/01/19/le-gouvernement-tunisien-toujours-dans-l-incertitude_1467920_1466522.html#ens_id=1245377&xtor=RSS-3208,
http://www.lemonde.fr/technologies/article/2011/01/19/google-et-microsoft-s-affrontent-a-coups-de-bebes_1467854_651865.html#xtor=RSS-3208,
http://vidberg.blog.lemonde.fr/2011/01/19/comment-expliquer-la-hausse-de-la-fecondite-en-france/#xtor=RSS-3208,
http://www.lemonde.fr/sport/article/2011/01/19/xv-de-france-lievremont-revient-aux-choses-serieuses_1467923_3242.html#xtor=RSS-3208,
http://www.lemonde.fr/societe/portfolio/2011/01/19/angolagate-charles-pasqua-s-indigne-de-l-absence-de-jacques-chirac_1467912_3224.html#ens_id=1259142&xtor=RSS-3208,
http://droites-extremes.blog.lemonde.fr/2011/01/19/qui-va-diriger-le-fnj/#xtor=RSS-3208,
http://www.lemonde.fr/ameriques/article/2011/01/19/quatre-plaintes-pour-crime-contre-l-humanite-deposees-contre-duvalier_1467906_3222.html#ens_id=1290927&xtor=RSS-3208,
http://www.lemonde.fr/technologies/article/2011/01/19/wikileaks-un-ex-banquier-condamne-pour-violation-du-secret-bancaire_1467900_651865.html#xtor=RSS-3208,
http://www.lemonde.fr/economie/article/2011/01/19/espionnage-industriel-un-deuxieme-cadre-porte-plainte-contre-renault_1467898_3234.html#ens_id=1462627&xtor=RSS-3208,
http://www.lemonde.fr/societe/article/2011/01/19/le-lien-de-confiance-entre-la-sncf-et-les-voyageurs-est-altere_1467600_3224.html#ens_id=1467308&xtor=RSS-3208,
http://www.lemonde.fr/actualite-medias/article/2011/01/19/orange-et-canal-s-associent-pour-fusionner-leurs-chaines-cinema_1467891_3236.html#xtor=RSS-3208,
http://www.lemonde.fr/tunisie/infographie/2011/01/19/le-clan-ben-ali-une-mafia-a-la-tete-de-l-etat_1467893_1466522.html#ens_id=1245377&xtor=RSS-3208,
http://handball.blog.lemonde.fr/2011/01/19/auf-gehts/#xtor=RSS-3208,
http://www.lemonde.fr/international/article/2011/01/19/belgique-scandale-autour-de-jeux-televises-truques_1467870_3210.html#xtor=RSS-3208,
http://www.lemonde.fr/afrique/article/2011/01/19/algerie-l-ancien-numero-deux-du-parti-islamiste-inculpe-d-atteinte-a-la-securite_1467887_3212.html#xtor=RSS-3208,
http://www.lemonde.fr/culture/article/2011/01/19/le-nouveau-systeme-hallyday-se-met-en-place_1467716_3246.html#ens_id=1467888&xtor=RSS-3208,
http://www.lemonde.fr/proche-orient/article/2011/01/19/israel-arrivee-de-deux-nouveaux-ministres-apres-le-depart-des-travaillistes_1467874_3218.html#ens_id=1228030&xtor=RSS-3208,
http://rss.feedsportal.com/c/32268/f/438244/s/11d5385f/l/0L0Sliberation0Bfr0Cmonde0C0A10A123147860Estatu0Equo0Eet0Erisque0Ede0Echaos/story01.htm,
http://rss.feedsportal.com/c/32268/f/438244/s/11d5385e/l/0L0Sliberation0Bfr0Cmonde0C0A10A123147380El0Eattentat0Eetait0Epiege/story01.htm,
http://rss.feedsportal.com/c/32268/f/438244/s/11d5385d/l/0L0Sliberation0Bfr0Cmonde0C0A10A12314820A0Epres0Ede0E20E0A0A0A0Emanifestants0Ea0Etunis/story01.htm,
http://rss.feedsportal.com/c/32268/f/438244/s/11d5385c/l/0L0Sliberation0Bfr0Cmonde0C0A10A123147550Ela0Ephrase/story01.htm,
http://rss.feedsportal.com/c/32268/f/438244/s/11d5385b/l/0L0Sliberation0Bfr0Cmonde0C0A10A123148150Ela0Epresse0Ede0Etunisie0Eepure0Esa0Elangue0Ede0Ebois/story01.htm,
http://rss.feedsportal.com/c/32268/f/438244/s/11d5385a/l/0L0Sliberation0Bfr0Cmonde0C0A10A123147470Elibe0Edans0Eles0Ekiosques0Etunisiens/story01.htm,
http://rss.feedsportal.com/c/32268/f/438244/s/11d53859/l/0L0Sliberation0Bfr0Cmonde0C0A10A123147560Een0Ebref/story01.htm,
http://rss.feedsportal.com/c/32268/f/438244/s/11d53858/l/0L0Sliberation0Bfr0Cmonde0C0A10A123148170Ela0Ephrase/story01.htm,
http://rss.feedsportal.com/c/32268/f/438244/s/11d53857/l/0L0Sliberation0Bfr0Cmonde0C0A10A123147520Eue0Eviktor0Eorb0En0Econspue0Ea0Estrasbourg/story01.htm,
http://rss.feedsportal.com/c/32268/f/438244/s/11d53856/l/0L0Sliberation0Bfr0Cmonde0C0A10A123147570Echiffre/story01.htm,
http://rss.feedsportal.com/c/32268/f/438244/s/11d53855/l/0L0Sliberation0Bfr0Cmonde0C0A10A123148180Echiffre/story01.htm,
http://rss.feedsportal.com/c/32268/f/438244/s/11d53854/l/0L0Sliberation0Bfr0Cmonde0C0A10A123147530Eun0Event0Ede0Exenophobie0Esouffle0Esur0Eisrael/story01.htm,
http://rss.feedsportal.com/c/32268/f/438244/s/11d53853/l/0L0Sliberation0Bfr0Cmonde0C0A10A123147840Elaurent0Egbagbo0Efera0El0Eobjet0Ed0Eun0Erecours0Ea0Ela0Eforce/story01.htm,
http://rss.feedsportal.com/c/32268/f/438244/s/11d53852/l/0L0Sliberation0Bfr0Cmonde0C0A10A123148190Eil0Ene0Efaut0Epas0Econfondre0Ediplomatie0Eet0Ecomplicite/story01.htm,
http://rss.feedsportal.com/c/32268/f/438244/s/11d53851/l/0L0Sliberation0Bfr0Cmonde0C0A10A123147540El0Eirlandais0Ebrian0Ecowen0Ereste0Ea0Ela0Etete0Ede0Eson0Eparti/story01.htm,
http://rss.feedsportal.com/c/32268/f/438244/s/11ce8f21/l/0L0Sliberation0Bfr0Cmonde0C0A10A123146190Eune0Eagence0Ede0Enotation0Eabaisse0Ed0Eun0Ecran0Ela0Enote0Ede0Ela0Etunisie/story01.htm,
http://rss.feedsportal.com/c/32268/f/438244/s/11d37539/l/0L0Sliberation0Bfr0Cmonde0C0A10A1231470A40Emam0Epointe0Eun0Erisque0Eimminent0Ed0Eenlevement0Edans0Ele0Enord0Edu0Emali/story01.htm,
http://rss.feedsportal.com/c/32268/f/438244/s/11d3753a/l/0L0Sliberation0Bfr0Cmonde0C0A10A1231470A10El0Eex0Ebanquier0Eayant0Einforme0Ewikileaks0Econdamne0Epour0Eviolation0Edu0Esecret0Ebancaire/story01.htm,
http://rss.feedsportal.com/c/32268/f/438244/s/11d2ed0e/l/0L0Sliberation0Bfr0Cmonde0C0A10A123146980Equatre0Eplaintes0Econtre0Eduvalier0Epour0Ecrimes0Econtre0El0Ehumanite/story01.htm,
http://rss.feedsportal.com/c/32268/f/438244/s/11d28d8f/l/0L0Sliberation0Bfr0Cmonde0C0A10A123146920Eliban0Eune0Emediation0Ede0Ela0Ederniere0Echance0Epour0Edenouer0Ela0Ecrise/story01.htm,
http://rss.feedsportal.com/c/32268/f/438244/s/11d28d90/l/0L0Sliberation0Bfr0Cmonde0C0A10A123146870El0Eonu0Evote0Eun0Erenfort0Ede0E20E0A0A0A0Ehommes0Een0Ecote0Ed0Eivoire/story01.htm,
http://rss.feedsportal.com/c/32268/f/438244/s/11d21da7/l/0L0Sliberation0Bfr0Cmonde0C0A10A123146740Esud0Esoudan0El0Eindependance0Eplebiscitee0Eselon0Edes0Eresultats0Epreliminaires/story01.htm,
http://rss.feedsportal.com/c/32268/f/438244/s/11cf6b08/l/0L0Sliberation0Bfr0Cpolitiques0C0A10A123146390Etunisie0Ebayrou0Etrouve0Ela0Ebourde0Ede0Emam0Etres0Erevelatrice/story01.htm,
http://rss.feedsportal.com/c/32268/f/438244/s/11b8eda8/l/0L0Sliberation0Bfr0Cmonde0C110A112520Eregardez0El0Eactualite/story01.htm,
http://rss.feedsportal.com/c/32268/f/438244/s/11d1658e/l/0Ljournal0Bliberation0Bfr0Cpublication0Cliberation0C5130C0T0W0C0A0I0A/story01.htm,
http://rss.feedsportal.com/c/32268/f/438245/s/11d33fc3/l/0L0Sliberation0Bfr0Cpolitiques0C0A10A123146990Eune0Enote0Edu0Eministere0Ede0El0Einterieur0Edemonte0Ela0Edefense0Ede0Ehuchon/story01.htm,
http://rss.feedsportal.com/c/32268/f/438245/s/11d1f581/l/0L0Sliberation0Bfr0Cpolitiques0C0A10A123146590Eradicaux0Eun0Econgres0Epour0Ecouper0Ele0Ecordon0Eavec0El0Eump/story01.htm,
http://rss.feedsportal.com/c/32268/f/438245/s/11cfb039/l/0L0Sliberation0Bfr0Cpolitiques0C0A10A123146390Etunisie0Ebayrou0Etrouve0Ela0Ebourde0Ede0Emam0Etres0Erevelatrice/story01.htm,
http://rss.feedsportal.com/c/32268/f/438245/s/11cbeb45/l/0L0Sliberation0Bfr0Cpolitiques0C0A10A123145710Etunis0Eparis0Ele0Eregne0Edu0Enon0Edit/story01.htm,
http://rss.feedsportal.com/c/32268/f/438245/s/11cbeb40/l/0L0Sliberation0Bfr0Cpolitiques0C0A10A12314580A0Emam0Erattrapee0Epar0Eune0Echute0Ede0Eregime/story01.htm,
http://rss.feedsportal.com/c/32268/f/438245/s/11cbeb49/l/0L0Sliberation0Bfr0Cpolitiques0C0A10A123145820Eun0Efiasco0Equi0Es0Eest0Ejoue0Eau0Echateau/story01.htm,
http://rss.feedsportal.com/c/32268/f/438245/s/11cbeb48/l/0L0Sliberation0Bfr0Cpolitiques0C0A10A123145550Egrand0Eparis0Ehuchon0Elache0Epar0Eles0Everts/story01.htm,
http://rss.feedsportal.com/c/32268/f/438245/s/11cbeb47/l/0L0Sliberation0Bfr0Cpolitiques0C0A10A123145420Ereperes/story01.htm,
http://rss.feedsportal.com/c/32268/f/438245/s/11cbeb46/l/0L0Sliberation0Bfr0Cpolitiques0C0A10A123145410Elaurent0Efabius0Equel0Eleurre0Eest0Eil/story01.htm,
http://rss.feedsportal.com/c/32268/f/438245/s/11cbeb44/l/0L0Sliberation0Bfr0Cpolitiques0C0A10A123145440Eles0Eacteurs0Ecles/story01.htm,
http://rss.feedsportal.com/c/32268/f/438245/s/11cbeb43/l/0L0Sliberation0Bfr0Cpolitiques0C0A10A123145510Eun0Eministre0Esur0Ela0Edefensive0Ea0El0Eassemblee/story01.htm,
http://rss.feedsportal.com/c/32268/f/438245/s/11cbeb42/l/0L0Sliberation0Bfr0Cpolitiques0C0A10A123145790Everbatim/story01.htm,
http://rss.feedsportal.com/c/32268/f/438245/s/11cbeb41/l/0L0Sliberation0Bfr0Cpolitiques0C0A10A123145520Equand0Esarkozy0Econfond0Eles0Edeux0Erives0Edu0Erhin/story01.htm,
http://rss.feedsportal.com/c/32268/f/438245/s/11cbeb3f/l/0L0Sliberation0Bfr0Cpolitiques0C0A10A123145530Een0Ebref/story01.htm,
http://rss.feedsportal.com/c/32268/f/438245/s/11c8654a/l/0L0Sliberation0Bfr0Cmonde0C0A10A123144510Eotages0Etues0Eau0Eniger0Ealain0Ejuppe0Elivre0Esa0Eversion/story01.htm,
http://rss.feedsportal.com/c/32268/f/438245/s/11c8cc61/l/0L0Sliberation0Bfr0Cpolitiques0C0A10A123144620Esarkozy0Edonne0Enettement0Ebattu0Epar0Edsk0Ecomme0Epar0Eaubry/story01.htm,
http://rss.feedsportal.com/c/32268/f/438245/s/11c8cc62/l/0L0Sliberation0Bfr0Csociete0C0A10A123144590Eun0Etexte0Elegalisant0El0Eeuthanasie0Eadopte0Een0Ecommission0Eau0Esenat/story01.htm,
http://rss.feedsportal.com/c/32268/f/438245/s/11c802af/l/0L0Sliberation0Bfr0Cpolitiques0C0A10A12314450A0Emelenchon0Eveut0Eune0Eautre0Econfrontation0Eavec0Ele0Efn/story01.htm,
http://rss.feedsportal.com/c/32268/f/438245/s/11c8cc63/l/0L0Sliberation0Bfr0Cpolitiques0C0A10A123144490Etunisie0Emam0Escandalisee0Eque0Ecertains0Eaient0Evoulu0Edeformer0Eses0Epropos/story01.htm,
http://rss.feedsportal.com/c/32268/f/438245/s/11c7c4f7/l/0L0Sliberation0Bfr0Cpolitiques0C0A60A129310Eallemagne0Ealsace0Emais0Eou0Eest0Esarkozy/story01.htm,
http://rss.feedsportal.com/c/32268/f/438245/s/11c802b0/l/0L0Slibestrasbourg0Bfr0Cactu0C20A110C0A10Cterre0E0Je0A0Eterre0Esarkozy0Eseduit0Eles0Eagricilteurs0Ealsaciens0Bhtml/story01.htm,
http://rss.feedsportal.com/c/32268/f/438245/s/11c5c79b/l/0L0Sliberation0Bfr0Cpolitiques0C0A10A123143830Eles0Esyndicats0Ede0El0Eeducation0Enationale0Eboycottent0Eles0Evoeux0Ede0Esarkozy/story01.htm,
http://rss.feedsportal.com/c/32268/f/438245/s/11c72f35/l/0Lecologie0Bblogs0Bliberation0Bfr0Ceuro0Eecolos0C20A110C0A10Cquelques0Enouvelles0Edu0Egreenpeace0Ede0Ela0Efinance0Bhtml/story01.htm,
http://rss.feedsportal.com/c/32268/f/438245/s/11be5e5e/l/0L0Sliberation0Bfr0Cpolitiques0C0A10A123142250Epourquoi0Ea0Et0Eon0Eannule0Ela0Econference0Ede0Ehessel/story01.htm,
http://rss.feedsportal.com/c/32268/f/438245/s/11c12ed3/l/0L0Sliberation0Bfr0Cpolitiques0C0A10A123142840Ereperes/story01.htm,
http://www.liberation.fr/societe/01012314778-chiffre,
http://www.liberation.fr/societe/01012314736-tunisie-la-defaillance-francaise,
http://www.liberation.fr/societe/01012314800-hlm-la-bataille-de-paris-contre-le-gouvernement,
http://www.liberation.fr/societe/01012314777-angolagate-pasqua-regrette-l-absence-de-chirac,
http://www.liberation.fr/societe/01012314735-il-faut-une-convergence-contestatrice,
http://www.liberation.fr/societe/01012314788-reperes,
http://www.liberation.fr/societe/01012314776-spaggiari-mythomane-cambrioleur,
http://www.liberation.fr/societe/01012314734-retrouver-les-attributs-de-la-souverainete,
http://www.liberation.fr/societe/01012314787-farid-lamouchi-un-menu-larcin-une-garde-a-vue-et-un-suicide,
http://www.liberation.fr/societe/01012314760-le-laboratoire-servier-cerne-de-toute-part,
http://www.liberation.fr/societe/01012314810-la-meilleure-tactique-ce-sont-des-actes,
http://www.liberation.fr/societe/01012314733-nous-devons-moderniser-la-republique-pour-sauver-le-pacte-republicain,
http://www.liberation.fr/societe/01012314779-une-enfant-de-9-ans-se-suicide-pres-de-lyon,
http://www.liberation.fr/societe/01012314737-reformer-la-garde-a-vue-avec-un-peu-d-audace-et-de-raison,
http://www.liberation.fr/societe/01012314801-ces-maires-qui-refusent-le-logement-social,
http://sciences.blogs.liberation.fr/home/2011/01/un-totex-érigé-à-jussieu.html,
http://www.liberation.fr/societe/01012314558-louise-peltzer-se-defend-de-tout-plagiat,
http://www.liberation.fr/societe/01012314554-bernadette-groison-fsu-boude-les-v-ux-presidentiels,
http://www.liberation.fr/politiques/01012314383-les-syndicats-de-l-education-nationale-boycottent-les-voeux-de-sarkozy,
http://www.liberennes.fr/libe/2011/01/plus-deleves-moins-de-profs-denoncent-les-proviseurs-de-lacademie-de-rennes.html,
http://www.liberation.fr/vous/01012314269-ils-disent-non-aux-evaluations,
http://www.liberation.fr/societe/01012314286-m-dame-la-presidente-a-copie,
http://sciences.blogs.liberation.fr/home/2011/01/le-cneser-critique-le-budget-2011-des-universités.html,
http://www.liberation.fr/societe/01012314129-nouvelle-evaluation-des-eleves-de-cm2-sur-fond-de-polemique,
http://classes.blogs.liberation.fr/soule/2011/01/profs-un-mi-temps-à-573-euros-par-mois.html,
http://www.liberation.fr/societe/01012313839-facs-sois-excellente-et-tu-auras-de-l-argent,
http://www.liberation.fr/societe/01012313641-des-stages-moins-payes-pour-les-futurs-profs-plus-d-eleves-dans-les-classes,
http://www.liberation.fr/societe/01012313496-l-education-en-zone-difficile-va-etre-reorganisee,
http://sciences.blogs.liberation.fr/home/2011/01/polemique-entre-pecresse-et-monthubert-sur-la-licence.html,
http://www.liberation.fr/societe/01012313373-chatel-heurte-des-enseignants,
http://rss.feedsportal.com/c/32268/f/438247/s/11d53970/l/0L0Sliberation0Bfr0Ceconomie0C0A10A1231480A40Ereperes/story01.htm,
http://rss.feedsportal.com/c/32268/f/438247/s/11d5396f/l/0L0Sliberation0Bfr0Ceconomie0C0A10A123148140Eun0Eprogramme0Eeconomique0Eflou0Eet0Eattrape0Etout/story01.htm,
http://rss.feedsportal.com/c/32268/f/438247/s/11d5396e/l/0L0Sliberation0Bfr0Ceconomie0C0A10A123148210Ecout0Edu0Etravail0Eparis0Eobsede0Epar0El0Eallemagne/story01.htm,
http://rss.feedsportal.com/c/32268/f/438247/s/11d5396d/l/0L0Sliberation0Bfr0Ceconomie0C0A10A1231480A30Esncf0Eles0Edouze0Elignes0Edurailles/story01.htm,
http://rss.feedsportal.com/c/32268/f/438247/s/11d50702/l/0L0Sliberation0Bfr0Ceconomie0C0A10A123147610Ecyberattaque0Esur0Eles0Eechanges0Ede0Eco20Een0Eeurope/story01.htm,
http://rss.feedsportal.com/c/32268/f/438247/s/11d50701/l/0L0Sliberation0Bfr0Ceconomie0C0A10A123147630Eanne0Elauvergeon0Esoutenue0Ea0El0Eassemblee/story01.htm,
http://rss.feedsportal.com/c/32268/f/438247/s/11d178e3/l/0L0Sliberation0Bfr0Cculture0C0A10A123146380Earchives0Ele0Ebras0Ede0Efer0Econtinue0Eentre0Epersonnel0Eet0Eministere0Ede0Ela0Eculture/story01.htm,
http://rss.feedsportal.com/c/32268/f/438247/s/11d3aff5/l/0L0Slibetoulouse0Bfr0C20A0A70C20A110C0A10Ctetalab0Eces0Ehackers0Etoulousains0Equi0Eaident0Ewikilieaks0Bhtml/story01.htm,
http://rss.feedsportal.com/c/32268/f/438247/s/11d2ef94/l/0Lsciences0Bblogs0Bliberation0Bfr0Chome0C20A110C0A10Cnucl0Je9aire0Edes0Ed0Je9put0Je9s0Esoutiennent0Eanne0Elauvergeon0Bhtml/story01.htm,
http://rss.feedsportal.com/c/32268/f/438247/s/11d26126/l/0L0Sliberation0Bfr0Ceconomie0C0A10A123146810Eespionnage0Echez0Erenault0Eun0Edes0Ecadres0Elicencies0Eporte0Eplainte/story01.htm,
http://rss.feedsportal.com/c/32268/f/438247/s/11d178e5/l/0L0Sliberennes0Bfr0Clibe0C20A110C0A10Ceiffage0Econstruira0Ela0Eligne0E0Je0A0Egrande0Evitesse0Ebretagne0Epays0Ede0Ela0Eloire0Bhtml/story01.htm,
http://rss.feedsportal.com/c/32268/f/438247/s/11ca3cba/l/0L0Sliberation0Bfr0Ceconomie0C0A10A123145640Echiffre/story01.htm,
http://rss.feedsportal.com/c/32268/f/438247/s/11ca3cb9/l/0L0Sliberation0Bfr0Ceconomie0C0A10A123145470Een0Ebref/story01.htm,
http://rss.feedsportal.com/c/32268/f/438247/s/11ca3cb8/l/0L0Sliberation0Bfr0Ceconomie0C0A10A123145650Een0Ebourse0Eapple0Eresiste0Eau0Emanque0Ede0Ejobs/story01.htm,
http://rss.feedsportal.com/c/32268/f/438247/s/11ca3cb7/l/0L0Sliberation0Bfr0Ceconomie0C0A10A123145610Eles0Etetes0Etournent0Epour0Ela0Ebce/story01.htm,
http://rss.feedsportal.com/c/32268/f/438247/s/11ca3cb6/l/0L0Sliberation0Bfr0Ceconomie0C0A10A123145660Ela0Ephrase/story01.htm,
http://rss.feedsportal.com/c/32268/f/438247/s/11ca3cb5/l/0L0Sliberation0Bfr0Ceconomie0C0A10A123145620Ereperes/story01.htm,
http://rss.feedsportal.com/c/32268/f/438247/s/11ca3cb4/l/0L0Sliberation0Bfr0Ceconomie0C0A10A123145670El0Eex0Epdg0Ede0Emoulinex0Ebientot0Edevant0Eles0Etribunaux/story01.htm,
http://rss.feedsportal.com/c/32268/f/438247/s/11ca3cb3/l/0L0Sliberation0Bfr0Ceconomie0C0A10A123144920Eun0Efinancement0Epour0El0Eallocation0Edependance/story01.htm,
http://rss.feedsportal.com/c/32268/f/438247/s/11ca3cb2/l/0L0Sliberation0Bfr0Ceconomie0C0A10A123145630Een0Ebref/story01.htm,
http://rss.feedsportal.com/c/32268/f/438247/s/11ca3cb1/l/0L0Sliberation0Bfr0Ceconomie0C0A10A123145450Ela0Echine0Eprompte0Ea0Eepurer0Eles0Echiffres0Ede0Esa0Epollution/story01.htm,
http://rss.feedsportal.com/c/32268/f/438247/s/11c767c3/l/0Lecologie0Bblogs0Bliberation0Bfr0Ceuro0Eecolos0C20A110C0A10Cquelques0Enouvelles0Edu0Egreenpeace0Ede0Ela0Efinance0Bhtml/story01.htm,
http://rss.feedsportal.com/c/32268/f/438247/s/11c5868f/l/0Lresultat0Eexploitations0Bblogs0Bliberation0Bfr0Cfinances0C20A110C0A10Cmadoff0Bhtml/story01.htm,
http://rss.feedsportal.com/c/32268/f/438247/s/11c2caef/l/0L0Sliberation0Bfr0Ceconomie0C0A10A123143610Ecreations0Ed0Eentreprise0Enouveau0Erecord0Eatteint0Een0Efrance/story01.htm,
http://rss.feedsportal.com/c/32268/f/438247/s/11c27c0a/l/0L0Sliberation0Bfr0Ceconomie0C0A10A123143530Ela0Echine0Eest0Eplus0Epreteuse0Eque0Ela0Ebanque0Emondiale/story01.htm,
http://rss.feedsportal.com/c/32268/f/438248/s/11cbff99/l/0L0Sliberation0Bfr0Ceconomie0C0A10A123145450Ela0Echine0Eprompte0Ea0Eepurer0Eles0Echiffres0Ede0Esa0Epollution/story01.htm,
http://rss.feedsportal.com/c/32268/f/438248/s/11cbff98/l/0L0Sliberation0Bfr0Cterre0C0A10A123145480Eogm0Ele0Edebat0Eimpossible/story01.htm,
http://rss.feedsportal.com/c/32268/f/438248/s/11cbff97/l/0L0Sliberation0Bfr0Ceconomie0C0A10A123145470Een0Ebref/story01.htm,
http://rss.feedsportal.com/c/32268/f/438248/s/11cbff96/l/0L0Sliberation0Bfr0Cterre0C0A10A123145460Ephotovoltaique0Eune0Eaide0Ejugee0Epeu0Eenergique/story01.htm,
http://rss.feedsportal.com/c/32268/f/438248/s/11c1305d/l/0L0Sliberation0Bfr0Ceconomie0C0A10A123142940Eil0Efaut0Eune0Ebanque0Ecentrale0Emondiale0Edes0Edenrees/story01.htm,
http://rss.feedsportal.com/c/32268/f/438248/s/11c1305c/l/0L0Sliberation0Bfr0Ceconomie0C0A10A123142930Ela0Ebombe0Ea0Eretardement0Ealimentaire/story01.htm,
http://rss.feedsportal.com/c/32268/f/438248/s/11bb69c3/l/0L0Slibetoulouse0Bfr0C20A0A70C20A110C0A10Cbruno0Epraderie0E0Je0A0Enicolas0Esarkozy0Evous0Evous0Emoquez0Edu0Emonde0Bhtml/story01.htm,
http://rss.feedsportal.com/c/32268/f/438248/s/11bb69c4/l/0L0Slibestrasbourg0Bfr0Cactu0C20A110C0A10Clourde0Epeine0Een0Eappel0Epour0Ele0Ecoupeur0Ede0Evigne0Eogm0Bhtml/story01.htm,
http://rss.feedsportal.com/c/32268/f/438248/s/11b6ba14/l/0L0Sliberation0Bfr0Cterre0C0A10A123140A830Ereperes/story01.htm,
http://rss.feedsportal.com/c/32268/f/438248/s/11b6ba13/l/0L0Sliberation0Bfr0Cterre0C0A10A123140A820Ela0Eterre0Es0Eest0Edecollee0Edes0Emontagnes/story01.htm,
http://rss.feedsportal.com/c/32268/f/438248/s/11a8322e/l/0L0Sliberation0Bfr0Cterre0C0A10A123138310Ereperes/story01.htm,
http://rss.feedsportal.com/c/32268/f/438248/s/11a83224/l/0L0Sliberation0Bfr0Cterre0C0A10A12313830A0Ebresil0Eune0Ecatastrophe0Epas0Esi0Enaturelle/story01.htm,
http://rss.feedsportal.com/c/32268/f/438248/s/119f7404/l/0L0Slibestrasbourg0Bfr0Cactu0C20A110C0A10Csarkozy0Einterpelle0Esur0Ele0Egco0Bhtml/story01.htm,
http://rss.feedsportal.com/c/32268/f/438248/s/119dec9e/l/0L0Sliberation0Bfr0Cterre0C0A10A123135730Een0E20A10A0Ela0Eplanete0Es0Eest0Efait0Eune0Egrosse0Echaleur/story01.htm,
http://rss.feedsportal.com/c/32268/f/438248/s/119dec9d/l/0L0Sliberation0Bfr0Cterre0C0A10A123135750Ereperes/story01.htm,
http://rss.feedsportal.com/c/32268/f/438248/s/119dec9c/l/0L0Sliberation0Bfr0Cterre0C0A10A123135740Eni0Ea0Eet0Emoussons0Eremuent0Eciel0Eet0Eterre/story01.htm,
http://rss.feedsportal.com/c/32268/f/438248/s/1199e998/l/0L0Slibestrasbourg0Bfr0Cactu0C20A110C0A10Cfeu0Evert0Epour0Eun0Eprojet0Ede0Egeothermie0Ea0Eusage0Eindustriel0Bhtml/story01.htm,
http://rss.feedsportal.com/c/32268/f/438248/s/119328b6/l/0L0Sliberation0Bfr0Ceconomie0C0A10A12313320A0Ereperes/story01.htm,
http://rss.feedsportal.com/c/32268/f/438248/s/119328b4/l/0L0Sliberation0Bfr0Cterre0C0A10A123133190Eallemagne0Ela0Ebasse0Ecour0Ea0Esa0Eperte/story01.htm,
http://rss.feedsportal.com/c/32268/f/438248/s/1190330b/l/0L0Sliberation0Bfr0Cterre0C0A10A123132870Ela0Ecampagne0Eareva0Etrop0Everte0Epour0Eetre0Ehonnete/story01.htm,
http://rss.feedsportal.com/c/32268/f/438248/s/118874a0/l/0L0Sliberation0Bfr0Cterre0C0A10A123130A860Ereperes/story01.htm,
http://rss.feedsportal.com/c/32268/f/438248/s/1188749f/l/0L0Sliberation0Bfr0Cterre0C0A10A123130A850Edes0Ejets0Ed0Eantimatiere0Edans0Eles0Eorages0Ede0Ela0Eterre/story01.htm,
http://rss.feedsportal.com/c/32268/f/438248/s/1188749e/l/0L0Sliberation0Bfr0Cterre0C0A10A123130A840Ele0Ecosmos0Eselon0Eplanck/story01.htm,
http://rss.feedsportal.com/c/32268/f/438248/s/115beb20/l/0L0Sliberation0Bfr0Cterre0C110A112320Evisite0Eguidee0Edes0Eserres0Ed0Eauteuil/story01.htm,
http://rss.feedsportal.com/c/32268/f/438248/s/115a1056/l/0L0Sliberation0Bfr0Cterre0C0A10A123122560Edioxine0Edes0Emilliers0Ede0Efermes0Eprovisoirement0Efermees0Een0Eallemagne/story01.htm,
http://rss.feedsportal.com/c/32268/f/438250/s/11d3ad10/l/0L0Slibetoulouse0Bfr0C20A0A70C20A110C0A10Ctetalab0Eces0Ehackers0Etoulousains0Equi0Eaident0Ewikilieaks0Bhtml/story01.htm,
http://rss.feedsportal.com/c/32268/f/438250/s/11cff99a/l/0L0Sliberation0Bfr0Cmedias0C0A60A129330Eecrans0Efr0Ele0Epodcast0Ewikipedia0Ea0Edix0Eans/story01.htm,
http://rss.feedsportal.com/c/32268/f/438250/s/11ceab2f/l/0Ljournal0Bliberation0Bfr0Cpublication0Cliberation0C5130C0T0W0C0A0I0A/story01.htm,
http://rss.feedsportal.com/c/32268/f/438250/s/11cbf84a/l/0L0Sliberation0Bfr0Cmedias0C0A10A123145350Ele0Ecsa0Es0Eaccroche0Ea0Ela0Etoile/story01.htm,
http://rss.feedsportal.com/c/32268/f/438250/s/11cbf849/l/0L0Sliberation0Bfr0Cmedias0C0A10A123145230Efrederic0Etaddei0Ece0Esoir0Eou0Eune0Efois0Epar0Esemaine/story01.htm,
http://rss.feedsportal.com/c/32268/f/438250/s/11cbf848/l/0L0Sliberation0Bfr0Cmedias0C0A10A123145210Ela0Ebbc0Ede0Epere0Een0Efils0Ecache/story01.htm,
http://rss.feedsportal.com/c/32268/f/438250/s/11cbf847/l/0L0Sliberation0Bfr0Cmedias0C0A10A123145360Eeurope0E10E50A0A0E0A0A0A0Eauditeurs0Eperdus0E10Eun0Egadin/story01.htm,
http://rss.feedsportal.com/c/32268/f/438250/s/11cbf846/l/0L0Sliberation0Bfr0Cmedias0C0A10A123145240Echiffre/story01.htm,
http://rss.feedsportal.com/c/32268/f/438250/s/11cbf845/l/0L0Sliberation0Bfr0Cmedias0C0A10A123145190Een0Ebref/story01.htm,
http://rss.feedsportal.com/c/32268/f/438250/s/11cbf844/l/0L0Sliberation0Bfr0Cmedias0C0A10A123145220Eles0Echoix/story01.htm,
http://rss.feedsportal.com/c/32268/f/438250/s/11cbf843/l/0L0Sliberation0Bfr0Cmedias0C0A10A12314520A0Echiffre/story01.htm,
http://rss.feedsportal.com/c/32268/f/438250/s/11bef9df/l/0L0Sliberation0Bfr0Cmedias0C0A10A123142620Eje0Esuis0Etoujours0Einquiet0Epour0Ele0Eweb/story01.htm,
http://rss.feedsportal.com/c/32268/f/438250/s/11c56261/l/0L0Sliberation0Bfr0Cculture0C0A10A123143810Epatrick0Epoivre0Ed0Earvor0Ea0Enouveau0Eaccuse0Ede0Eplagiat/story01.htm,
http://rss.feedsportal.com/c/32268/f/438250/s/11bef9de/l/0L0Sliberation0Bfr0Cmedias0C0A10A123142650Eles0Echoix/story01.htm,
http://rss.feedsportal.com/c/32268/f/438250/s/11bef9dd/l/0L0Sliberation0Bfr0Cmedias0C0A10A123142670El0Einformation0Ea0Ela0Eportee0Edes0Ecaniches0Eportables/story01.htm,
http://rss.feedsportal.com/c/32268/f/438250/s/11bef9dc/l/0L0Sliberation0Bfr0Cmedias0C0A10A123142680Emichel0Ebutel0Eun0Eautre0Ecandidat0Epour0Ela0Edirection0Edu0Emonde/story01.htm,
http://rss.feedsportal.com/c/32268/f/438250/s/11bef9db/l/0L0Sliberation0Bfr0Cmedias0C0A10A123142630Epiers0Emorgan0Enouveau0Eking0Ede0Ecnn/story01.htm,
http://rss.feedsportal.com/c/32268/f/438250/s/11bef9da/l/0L0Sliberation0Bfr0Cmedias0C0A10A123142640Echiffre/story01.htm,
http://rss.feedsportal.com/c/32268/f/438250/s/11bef9d9/l/0L0Sliberation0Bfr0Cmedias0C0A10A123142660Eun0Epirate0Eface0Ea0Ela0Ejustice0Eeuropeenne/story01.htm,
http://rss.feedsportal.com/c/32268/f/438250/s/11bdaf93/l/0L0Secrans0Bfr0CJ0Eadore0EApple0Eet0Ej0Eespere0Eetre0Ede0H117780Bhtml/story01.htm,
http://rss.feedsportal.com/c/32268/f/438250/s/11bce505/l/0L0Sliberennes0Bfr0Clibe0C20A110C0A10Cwiki0Erennes0Ela0Eville0Evue0Eet0Eracontee0Epar0Eses0Ehabitants0Bhtml/story01.htm,
http://rss.feedsportal.com/c/32268/f/438250/s/11bac78b/l/0Ljournal0Bliberation0Bfr0Cpublication0Cliberation0C5110C0T0W0C0A0I0A/story01.htm,
http://rss.feedsportal.com/c/32268/f/438250/s/11b6ac73/l/0L0Sliberation0Bfr0Cmedias0C0A10A123140A40A0Ejoseph0Epoli0Emadame0Emonsieur0Ebonsoir/story01.htm,
http://rss.feedsportal.com/c/32268/f/438250/s/11b6ac72/l/0L0Sliberation0Bfr0Cmedias0C0A10A123140A380Eassange0Ereprend0Edes0Ecouleurs/story01.htm,
http://rss.feedsportal.com/c/32268/f/438250/s/11b6ac70/l/0L0Sliberation0Bfr0Cmedias0C0A10A123140A60A0Efrance0Esoir0El0Ehymne0Ea0Ela0Emue/story01.htm,
http://www.liberation.fr/sports/01012314705-armstrong-accuse-d-etre-l-instigateur-d-un-dopage-organise,
http://poker.blogs.liberation.fr/full/2011/01/tenir-la-pression.html,
http://www.liberation.fr/sports/11011253-le-sport-au-jour-le-jour,
http://www.liberation.fr/sports/01012314506-l-allemagne-et-l-espagne-c-est-d-un-autre-tonneau,
http://www.liberation.fr/sports/01012314507-tsonga-en-cinq-sets-les-cadors-en-cinq-sec,
http://www.liberation.fr/sports/01012314508-dopage-jouanno-cible-les-sports-co,
http://www.liberation.fr/sports/01012314505-en-bref,
http://www.liberation.fr/sports/01012314509-chiffre,
http://www.liberation.fr/sports/01012314248-justine-henin-n-est-pas-passee-loin-du-revers,
http://www.liberation.fr/sports/01012314249-byron-moreno-enfin-un-arbitre-qui-plaide-coupable,
http://www.liberation.fr/sports/01012314253-ca-va-swinguer-pour-pas-cher-a-pyongyang,
http://www.liberation.fr/sports/01012314251-en-bref,
http://www.liberation.fr/sports/01012314250-la-phrase,
http://www.liberation.fr/sports/01012314254-foot-les-bleus-changent-de-maillot,
http://www.liberation.fr/sports/01012314252-chiffre,
http://rss.feedsportal.com/c/32268/f/438251/s/11d46baa/l/0L0Sliberation0Bfr0Cculture0C0A10A123147390Ela0Ebelle0Eapeuree/story01.htm,
http://rss.feedsportal.com/c/32268/f/438251/s/11d46ba6/l/0L0Sliberation0Bfr0Ctheatre0C0A10A123147480Ela0Ecite0Esans0Ececite/story01.htm,
http://rss.feedsportal.com/c/32268/f/438251/s/11d3f827/l/0L0Sliberation0Bfr0Clivres0C0A10A123147230Echimies0Ede0Ela0Enuit/story01.htm,
http://rss.feedsportal.com/c/32268/f/438251/s/11d3f824/l/0L0Sliberation0Bfr0Clivres0C0A10A123147130Emax0Eemma0Eamp0Ecoe/story01.htm,
http://rss.feedsportal.com/c/32268/f/438251/s/11d3f821/l/0L0Sliberation0Bfr0Clivres0C0A10A123147190Elivres0Een0Ebref/story01.htm,
http://rss.feedsportal.com/c/32268/f/438251/s/11d3f81e/l/0L0Sliberation0Bfr0Clivres0C0A10A123147240El0Eamour0Ea0Eses0Eroseaux/story01.htm,
http://rss.feedsportal.com/c/32268/f/438251/s/11d3f81a/l/0L0Sliberation0Bfr0Clivres0C0A10A123147140Evie0Een0Eexil0Ede0Emon0Eoncle0Enapoleon/story01.htm,
http://rss.feedsportal.com/c/32268/f/438251/s/11d3f817/l/0L0Sliberation0Bfr0Clivres0C0A10A12314720A0Elivres0Evient0Ede0Eparaitre/story01.htm,
http://rss.feedsportal.com/c/32268/f/438251/s/11d3f816/l/0L0Sliberation0Bfr0Clivres0C0A10A123147250Ejames0Eellroy/story01.htm,
http://rss.feedsportal.com/c/32268/f/438251/s/11d3f815/l/0L0Sliberation0Bfr0Clivres0C0A10A123147150Eje0Eme0Esuis0Eretrouve0Eau0Emileu0Ede0Egens0Ebizarres0Eet0Eextravagants0Equi0Eetaient0Emes0Eoncles0Etantes0Eet0Ecousins/story01.htm,
http://rss.feedsportal.com/c/32268/f/438251/s/11d3f814/l/0L0Sliberation0Bfr0Clivres0C0A10A123147210Ele0Ecapitalisme0Eest0Eun0Efetichisme/story01.htm,
http://rss.feedsportal.com/c/32268/f/438251/s/11d3f812/l/0L0Sliberation0Bfr0Clivres0C0A10A123147260Ejuan0Ebenet0El0Eair0Ede0Ela0Eguerre/story01.htm,
http://rss.feedsportal.com/c/32268/f/438251/s/11d3f811/l/0L0Sliberation0Bfr0Clivres0C0A10A123147170Eclassement0Edatalib0Edes0Eventes0Ede0Elivres/story01.htm,
http://rss.feedsportal.com/c/32268/f/438251/s/11d3f810/l/0L0Sliberation0Bfr0Clivres0C0A10A123147220Ela0Eregle0Edes0Etrois0Ec/story01.htm,
http://rss.feedsportal.com/c/32268/f/438251/s/11d3f80f/l/0L0Sliberation0Bfr0Clivres0C0A10A123147180Esur0Eliberation0Efr/story01.htm,
http://rss.feedsportal.com/c/32268/f/438251/s/11d15faa/l/0L0Sliberation0Bfr0Cculture0C0A10A123146380Earchives0Ele0Ebras0Ede0Efer0Econtinue0Eentre0Epersonnel0Eet0Eministere0Ede0Ela0Eculture/story01.htm,
http://rss.feedsportal.com/c/32268/f/438251/s/11d2f796/l/0Lnext0Bliberation0Bfr0Carts0C0A10A123146820Eun0Ehotel0Epoubelle0Ea0Emadrid/story01.htm,
http://rss.feedsportal.com/c/32268/f/438251/s/11d3a80b/l/0L0Slibetoulouse0Bfr0C20A0A70C20A110C0A10Ctetalab0Eces0Ehackers0Etoulousains0Equi0Eaident0Ewikilieaks0Bhtml/story01.htm,
http://rss.feedsportal.com/c/32268/f/438251/s/11bba264/l/0L0Sliberation0Bfr0Cculture0C120A140A20Ecinema0Epoupoupidou/story01.htm,
http://rss.feedsportal.com/c/32268/f/438251/s/11d15fa9/l/0L0Sliberation0Bfr0Cculture0C0A10A123146580Enicolas0Esarkozy0Eil0En0Eest0Epas0Equestion0Ede0Evendre0El0Ehotel0Ede0Ela0Emarine/story01.htm,
http://rss.feedsportal.com/c/32268/f/438251/s/11d1b19a/l/0Lnext0Bliberation0Bfr0Carts0C0A10A123146540Ebasquiat0Efait0Enocturne/story01.htm,
http://rss.feedsportal.com/c/32268/f/438251/s/11cc03e3/l/0Lnext0Bliberation0Bfr0Ccinema0C0A10A123144770Epropriete0Einterdite0Ela0Ecave0Ese0Erebiffe/story01.htm,
http://rss.feedsportal.com/c/32268/f/438251/s/11cf6720/l/0Lnext0Bliberation0Bfr0Carts0C0A10A123146320El0Eexpo0Emonet0Evers0Eles0E910A0E0A0A0A0Evisiteurs0Eencore0Emieux0Eque0Epicasso0Een0E20A0A9/story01.htm,
http://rss.feedsportal.com/c/32268/f/438251/s/de285f4/l/0Lnext0Bliberation0Bfr0Cbandes0Eannonces0Esorties0Ede0Ela0Esemaine0H99941/story01.htm,
http://rss.feedsportal.com/c/32268/f/438251/s/11cdbbf5/l/0Lnext0Bliberation0Bfr0Ccritiques0Ecinema0H99935/story01.htm,
http://www.lemonde.fr/sport/article/2011/01/19/l-om-retrouve-montpellier-en-finale-de-la-coupe-de-la-ligue_1467951_3242.html#xtor=RSS-3208,
http://www.lemonde.fr/societe/article/2011/01/19/reforme-de-la-garde-a-vue-pas-d-avocat-pas-de-condamnation_1467950_3224.html#xtor=RSS-3208,
http://www.lemonde.fr/planete/article/2011/01/19/les-seropositifs-presentent-des-risques-accrus-d-attaques-cerebrales_1467947_3244.html#xtor=RSS-3208,
http://www.lemonde.fr/sport/article/2011/01/19/ligue-1-lille-prend-le-large-en-battant-nancy-3-0_1467945_3242.html#xtor=RSS-3208,
http://www.lemonde.fr/economie/article/2011/01/19/l-allemagne-plancherait-sur-une-restructuration-de-la-dette-grecque_1467939_3234.html#xtor=RSS-3208,
http://www.lemonde.fr/planete/article/2011/01/19/la-migraine-est-sans-danger-pour-le-cerveau_1467926_3244.html#xtor=RSS-3208,
http://www.lemonde.fr/europe/article/2011/01/19/rubygate-berlusconi-veut-une-loi-pour-garantir-l-immunite-judiciaire-des-elus_1467935_3214.html#ens_id=1191686&xtor=RSS-3208,
http://www.lemonde.fr/sport/article/2011/01/19/handball-les-bleus-se-jouent-de-l-allemagne-30-23_1467934_3242.html#xtor=RSS-3208,
http://www.lemonde.fr/tunisie/article/2011/01/19/le-gouvernement-tunisien-toujours-dans-l-incertitude_1467920_1466522.html#ens_id=1245377&xtor=RSS-3208,
http://www.lemonde.fr/technologies/article/2011/01/19/google-et-microsoft-s-affrontent-a-coups-de-bebes_1467854_651865.html#xtor=RSS-3208,
http://vidberg.blog.lemonde.fr/2011/01/19/comment-expliquer-la-hausse-de-la-fecondite-en-france/#xtor=RSS-3208,
http://www.lemonde.fr/sport/article/2011/01/19/xv-de-france-lievremont-revient-aux-choses-serieuses_1467923_3242.html#xtor=RSS-3208,
http://www.lemonde.fr/societe/portfolio/2011/01/19/angolagate-charles-pasqua-s-indigne-de-l-absence-de-jacques-chirac_1467912_3224.html#ens_id=1259142&xtor=RSS-3208,
http://droites-extremes.blog.lemonde.fr/2011/01/19/qui-va-diriger-le-fnj/#xtor=RSS-3208,
http://www.lemonde.fr/ameriques/article/2011/01/19/quatre-plaintes-pour-crime-contre-l-humanite-deposees-contre-duvalier_1467906_3222.html#ens_id=1290927&xtor=RSS-3208,
http://www.lemonde.fr/technologies/article/2011/01/19/wikileaks-un-ex-banquier-condamne-pour-violation-du-secret-bancaire_1467900_651865.html#xtor=RSS-3208,
http://www.lemonde.fr/economie/article/2011/01/19/espionnage-industriel-un-deuxieme-cadre-porte-plainte-contre-renault_1467898_3234.html#ens_id=1462627&xtor=RSS-3208,
http://www.lemonde.fr/societe/article/2011/01/19/le-lien-de-confiance-entre-la-sncf-et-les-voyageurs-est-altere_1467600_3224.html#ens_id=1467308&xtor=RSS-3208,
http://www.lemonde.fr/actualite-medias/article/2011/01/19/orange-et-canal-s-associent-pour-fusionner-leurs-chaines-cinema_1467891_3236.html#xtor=RSS-3208,
http://www.lemonde.fr/tunisie/infographie/2011/01/19/le-clan-ben-ali-une-mafia-a-la-tete-de-l-etat_1467893_1466522.html#ens_id=1245377&xtor=RSS-3208,
http://handball.blog.lemonde.fr/2011/01/19/auf-gehts/#xtor=RSS-3208,
http://www.lemonde.fr/international/article/2011/01/19/belgique-scandale-autour-de-jeux-televises-truques_1467870_3210.html#xtor=RSS-3208,
http://www.lemonde.fr/afrique/article/2011/01/19/algerie-l-ancien-numero-deux-du-parti-islamiste-inculpe-d-atteinte-a-la-securite_1467887_3212.html#xtor=RSS-3208,
http://www.lemonde.fr/culture/article/2011/01/19/le-nouveau-systeme-hallyday-se-met-en-place_1467716_3246.html#ens_id=1467888&xtor=RSS-3208,
http://www.lemonde.fr/proche-orient/article/2011/01/19/israel-arrivee-de-deux-nouveaux-ministres-apres-le-depart-des-travaillistes_1467874_3218.html#ens_id=1228030&xtor=RSS-3208,
http://rss.feedsportal.com/c/32268/f/438244/s/11ef14da/l/0L0Sliberation0Bfr0Cmonde0C0A10A123153410Ejean0Eclaude0Eduvallier0Eappelle0Ea0Ela0Ereconciliation/story01.htm,
http://rss.feedsportal.com/c/32268/f/438244/s/11ee21e2/l/0L0Sliberation0Bfr0Cmonde0C0A10A123153330Eplusieurs0Eblesses0Elors0Ed0Eune0Emanifestation0Ea0Ealger/story01.htm,
http://rss.feedsportal.com/c/32268/f/438244/s/11edd8e0/l/0L0Sliberation0Bfr0Cmonde0C0A10A123153270Ele0Epremier0Eministre0Etunisien0Es0Eengage0Ea0Equitter0Ela0Epolitique0Eapres0Ela0Etransition/story01.htm,
http://rss.feedsportal.com/c/32268/f/438244/s/11eb0418/l/0L0Sliberation0Bfr0Cmonde0C0A10A123152630Egaza0Ealliot0Emarie0Eprend0Edes0Eufs0Epour0Edes0Enefles/story01.htm,
http://rss.feedsportal.com/c/32268/f/438244/s/11eb0415/l/0L0Sliberation0Bfr0Cmonde0C0A10A123152810Ereperes/story01.htm,
http://rss.feedsportal.com/c/32268/f/438244/s/11eb0413/l/0L0Sliberation0Bfr0Cmonde0C0A10A123152640Ele0Espin0Edoctor0Ene0Esera0Eplus0Ea0El0Eecoute/story01.htm,
http://rss.feedsportal.com/c/32268/f/438244/s/11eb0411/l/0L0Sliberation0Bfr0Cmonde0C0A10A123152820Elaboratoire/story01.htm,
http://rss.feedsportal.com/c/32268/f/438244/s/11eb040e/l/0L0Sliberation0Bfr0Cmonde0C0A10A123152280Ela0Emanche0Edans0Etous0Eles0Esens/story01.htm,
http://rss.feedsportal.com/c/32268/f/438244/s/11eb040c/l/0L0Sliberation0Bfr0Cmonde0C0A10A123152650Egbagbo0Echoisit0El0Eescalade0Econtre0El0Eonu/story01.htm,
http://rss.feedsportal.com/c/32268/f/438244/s/11eb040a/l/0L0Sliberation0Bfr0Cmonde0C0A10A123152830Etunis0Esavoure0Eson0Eetat0Ede0Egrace/story01.htm,
http://rss.feedsportal.com/c/32268/f/438244/s/11eb0407/l/0L0Sliberation0Bfr0Cmonde0C0A10A123152470Es0E210Epour0Etoile0Ede0Efond/story01.htm,
http://rss.feedsportal.com/c/32268/f/438244/s/11eb0405/l/0L0Sliberation0Bfr0Cmonde0C0A10A123152660Ela0Ephrase/story01.htm,
http://rss.feedsportal.com/c/32268/f/438244/s/11eb0403/l/0L0Sliberation0Bfr0Cmonde0C0A10A123152620Echiffre/story01.htm,
http://rss.feedsportal.com/c/32268/f/438244/s/11eb03ff/l/0L0Sliberation0Bfr0Cmonde0C0A10A123152670Ele0Eparti0Ecommuniste0Elache0Epar0Ela0Ejeunesse0Evietnamienne/story01.htm,
http://rss.feedsportal.com/c/32268/f/438244/s/11e9c115/l/0L0Sliberation0Bfr0Cmonde0C0A10A123152150Ekhodorkovski0Ela0Edissidence0Ea0Ela0Elettre/story01.htm,
http://rss.feedsportal.com/c/32268/f/438244/s/11e9c114/l/0L0Sliberation0Bfr0Cmonde0C0A10A123152160Epour0Ela0Ebienfaisance0Eet0Econtre0El0Earbitraire/story01.htm,
http://rss.feedsportal.com/c/32268/f/438244/s/11e9c113/l/0L0Sliberation0Bfr0Cmonde0C0A10A12315210A0Eames0Erusses/story01.htm,
http://rss.feedsportal.com/c/32268/f/438244/s/11e9c112/l/0L0Sliberation0Bfr0Cmonde0C0A10A123152130Ecuba0Eles0E1780Etravaux0Ede0Era0El/story01.htm,
http://rss.feedsportal.com/c/32268/f/438244/s/11e49da7/l/0L0Sliberation0Bfr0Cmonde0C0A10A123151280Epremiere0Ejournee0Ede0Edeuil0Enational0Een0Etunisie/story01.htm,
http://rss.feedsportal.com/c/32268/f/438244/s/11b8eda8/l/0L0Sliberation0Bfr0Cmonde0C110A112520Eregardez0El0Eactualite/story01.htm,
http://rss.feedsportal.com/c/32268/f/438244/s/11e8dbf9/l/0L0Sliberation0Bfr0Cmonde0C0A10A123151980Eniger0Eavis0Efavorable0Ea0Ela0Edeclassification0Ed0Eimages0Ede0El0Eoperation0Emilitaire/story01.htm,
http://rss.feedsportal.com/c/32268/f/438244/s/11e8dbfb/l/0L0Sliberation0Bfr0Cmonde0C0A10A123151960Edes0Eintellectuels0Eappellent0Eau0Echangement0Een0Ealgerie/story01.htm,
http://rss.feedsportal.com/c/32268/f/438244/s/11e86f60/l/0L0Sliberation0Bfr0Cmonde0C0A10A12315190A0Ewikileaks0El0Eiran0Eest0El0Eun0Edes0Epremiers0Etrafiquants0Ede0Edrogue/story01.htm,
http://rss.feedsportal.com/c/32268/f/438244/s/11e447ca/l/0L0Sliberation0Bfr0Cmonde0C0A10A123151230Emam0Echahutee0Ea0Egaza/story01.htm,
http://rss.feedsportal.com/c/32268/f/438244/s/11e3f31e/l/0L0Sliberation0Bfr0Cmonde0C0A10A123149520Edans0Ela0Etunisie0Ede0Eben0Eali0El0Eetrange0Eculte0Edu0Echiffre0E7/story01.htm,
http://rss.feedsportal.com/c/32268/f/438245/s/11f005bb/l/0L0Sliberation0Bfr0Cpolitiques0C0A10A123153510Erocard0Epour0Ela0Esemaine0Ede0Etravail0Ea0Emoins0Ede0E350Eheures/story01.htm,
http://rss.feedsportal.com/c/32268/f/438245/s/11ec1e52/l/0L0Sliberation0Bfr0Cpolitiques0C0A10A123152770Enicolas0Eabout0Eun0Ecentriste0Eau0Ecsa/story01.htm,
http://rss.feedsportal.com/c/32268/f/438245/s/11ec1e51/l/0L0Sliberation0Bfr0Cpolitiques0C0A10A123152740Emelenchon0Eentame0Eson0Echemin0Ede0Ecroix0Eelyseen/story01.htm,
http://rss.feedsportal.com/c/32268/f/438245/s/11ec1e50/l/0L0Sliberation0Bfr0Cpolitiques0C0A10A123152750Eon0En0Ea0Eaucune0Evision0Eon0Eest0Ea0El0Eaveugle/story01.htm,
http://rss.feedsportal.com/c/32268/f/438245/s/11ec1e4f/l/0L0Sliberation0Bfr0Cpolitiques0C0A10A123152760Ela0Ephrase/story01.htm,
http://rss.feedsportal.com/c/32268/f/438245/s/11e9c785/l/0L0Sliberation0Bfr0Cpolitiques0C0A60A129510Emarine0Ele0Epen0Evs0Ejean0Eluc0Emelenchon0Eun0Epremier0Eround0Een0E20A0A2/story01.htm,
http://rss.feedsportal.com/c/32268/f/438245/s/11e98e66/l/0L0Sliberation0Bfr0Cpolitiques0C0A60A12950A0Ecandidatures0E20A120Eune0Equestion0Ede0Estyle/story01.htm,
http://rss.feedsportal.com/c/32268/f/438245/s/11e3b497/l/0L0Sliberation0Bfr0Cpolitiques0C0A10A123151140Emelenchon0Ecandidat0Epour0E20A12/story01.htm,
http://rss.feedsportal.com/c/32268/f/438245/s/11e834b9/l/0L0Sliberation0Bfr0Cpolitiques0C0A10A123151630Emelenchon0Eou0Echassaigne0Epersonne0En0Ey0Eperdra/story01.htm,
http://rss.feedsportal.com/c/32268/f/438245/s/11e57653/l/0L0Sliberation0Bfr0Csociete0C0A10A123151430Ekarachi0Ela0Episte0Efinanciere0Ese0Econfirme/story01.htm,
http://rss.feedsportal.com/c/32268/f/438245/s/11e7b92a/l/0L0Slibetoulouse0Bfr0C20A0A70C20A110C0A10Cles0Eidentitaires0Epour0Ele0Esaucisson0Econtre0Ele0Ecouscous0Elancent0Emeur0Ecampagne0Epr0Je9sidentielle0E0Je0A0Etoulous0Bhtml/story01.htm,
http://rss.feedsportal.com/c/32268/f/438245/s/11e1bccc/l/0L0Sliberation0Bfr0Cpolitiques0C0A10A123150A570Emarine0Ele0Epen0Eplace0Eses0Eproches0Ea0Ela0Etete0Edu0Efn/story01.htm,
http://rss.feedsportal.com/c/32268/f/438245/s/11e1bccb/l/0L0Sliberation0Bfr0Cpolitiques0C0A10A123150A380Eun0Edebat0Eimpose0Ea0Edroite/story01.htm,
http://rss.feedsportal.com/c/32268/f/438245/s/11e1bcca/l/0L0Sliberation0Bfr0Cpolitiques0C0A10A123150A590Edans0Ele0Epas0Ede0Ecalais0Eroyal0Ecause0Edu0Epeuple/story01.htm,
http://rss.feedsportal.com/c/32268/f/438245/s/11e1bcc9/l/0L0Sliberation0Bfr0Cpolitiques0C0A10A123150A690Ea0Estrasbourg0Ecohn0Ebendit0Es0Eagite0Een0Ecoulisses/story01.htm,
http://rss.feedsportal.com/c/32268/f/438245/s/11df3884/l/0L0Sliberation0Bfr0Cpolitiques0C0A10A123149730Emarine0Ele0Epen0Eet0Ela0Efausse0Ecitation0Ede0Ejaures/story01.htm,
http://rss.feedsportal.com/c/32268/f/438245/s/11df3883/l/0L0Sliberation0Bfr0Cpolitiques0C0A10A123149750Eles0Eeuropeens0Ese0Esentent0Edepossedes0Ede0Eleur0Epouvoir0Epolitique0Eet0Edemocratique/story01.htm,
http://rss.feedsportal.com/c/32268/f/438245/s/11df3882/l/0L0Sliberation0Bfr0Cpolitiques0C0A10A123149760Ebruxelles0Edoit0Eavoir0Eun0Ediscours0Epolitique0Epour0Erepondre0Eaux0Epreoccupations0Ede0Eses0Ecitoyens/story01.htm,
http://rss.feedsportal.com/c/32268/f/438245/s/11de01ff/l/0L0Sliberation0Bfr0Cpolitiques0C0A10A12314940A0Egarde0Ea0Evue0Ecastagne0Eentre0Edeputes0Eump/story01.htm,
http://rss.feedsportal.com/c/32268/f/438245/s/11de0200/l/0L0Sliberation0Bfr0Cpolitiques0C0A10A123149360Esyndicats0Etu0Ev0Eux0Eou0Etu0Ev0Eux0Epas/story01.htm,
http://rss.feedsportal.com/c/32268/f/438245/s/11dbde7e/l/0L0Sliberation0Bfr0Cmedias0C0A10A1231490A0A0Eplantu0Erepond0Ea0Emelenchon/story01.htm,
http://rss.feedsportal.com/c/32268/f/438245/s/11db2598/l/0L0Sliberation0Bfr0Cpolitiques0C0A60A129350Eles0Edictatures0Enaufrage0Ede0Epolitique0Efrancaise/story01.htm,
http://rss.feedsportal.com/c/32268/f/438245/s/11d9ad97/l/0L0Sliberation0Bfr0Cpolitiques0C0A10A123148680Ela0Epresidentielle0Epensee0Econstante0Ede0Eroyal/story01.htm,
http://rss.feedsportal.com/c/32268/f/438245/s/11e434d4/l/0Ljournal0Bliberation0Bfr0Cpublication0Cliberation0C5150C0T0W0C0A0I0A/story01.htm,
http://rss.feedsportal.com/c/32268/f/438245/s/11d8bf3a/l/0Ljournal0Bliberation0Bfr0Cpublication0Cliberation0C5140C0T0W0C0A0I0A/story01.htm,
http://www.liberation.fr/societe/01012315358-faible-mobilisation-contre-les-suppressions-de-postes-dans-l-education,
http://www.liberation.fr/societe/01012315356-victime-de-l-isomeride-servier-condamne-a-payer,
http://www.liberation.fr/societe/01012315354-disparition-de-laetitia-un-homme-mis-en-examen-pour,
http://www.liberation.fr/societe/01012315340-7000-foyers-sans-electricite-en-haute-corse,
http://www.liberation.fr/societe/01012315288-optimisation-des-filieres-et-apprentissage-au-programme,
http://www.liberation.fr/societe/01012315237-tete-de-n-ud-au-jeu-du-stade,
http://www.liberation.fr/societe/01012315287-des-zep-zappees-au-profit-du-dispositif-clair,
http://www.liberation.fr/societe/01012315236-metropolitain-malgre-lui,
http://www.liberation.fr/societe/01012315286-education-combien-de-reductions,
http://www.liberation.fr/societe/01012315233-attention-gentillesse,
http://www.liberation.fr/societe/01012315290-reformer-pour-mieux-economiser,
http://www.liberation.fr/societe/01012315273-reperes,
http://www.liberation.fr/societe/01012315289-1-500-eleves-en-plus-9-000-instits-en-moins,
http://www.liberation.fr/societe/01012315272-le-directeur-qui-assainissait-trop-les-affaires-de-l-hopital,
http://www.liberation.fr/societe/01012315112-disparition-de-laetitia-le-suspect-avoue,
http://www.liberation.fr/societe/01012315286-education-combien-de-reductions,
http://www.liberation.fr/societe/01012315290-reformer-pour-mieux-economiser,
http://www.liberation.fr/societe/01012315287-des-zep-zappees-au-profit-du-dispositif-clair,
http://www.liberation.fr/societe/01012315288-optimisation-des-filieres-et-apprentissage-au-programme,
http://www.liberation.fr/societe/01012315289-1-500-eleves-en-plus-9-000-instits-en-moins,
http://www.liberation.fr/societe/01012315044-le-gachis-de-la-masterisation,
http://www.libelille.fr/saberan/2011/01/prime-à-la-suppression-de-postes-un-proviseur-du-nord-renvoie-ses-palmes.html,
http://www.liberation.fr/societe/01012314778-chiffre,
http://sciences.blogs.liberation.fr/home/2011/01/un-totex-érigé-à-jussieu.html,
http://www.liberation.fr/societe/01012314558-louise-peltzer-se-defend-de-tout-plagiat,
http://www.liberation.fr/societe/01012314554-bernadette-groison-fsu-boude-les-v-ux-presidentiels,
http://www.liberation.fr/politiques/01012314383-les-syndicats-de-l-education-nationale-boycottent-les-voeux-de-sarkozy,
http://www.liberennes.fr/libe/2011/01/plus-deleves-moins-de-profs-denoncent-les-proviseurs-de-lacademie-de-rennes.html,
http://www.liberation.fr/vous/01012314269-ils-disent-non-aux-evaluations,
http://www.liberation.fr/societe/01012314286-m-dame-la-presidente-a-copie,
http://rss.feedsportal.com/c/32268/f/438247/s/11eafa22/l/0L0Sliberation0Bfr0Ceconomie0C0A10A123152570Elarry0Epage0E370Eans0Eprend0Eles0Erenes0Ede0El0Eogre0Egoogle/story01.htm,
http://rss.feedsportal.com/c/32268/f/438247/s/11eafa21/l/0L0Sliberation0Bfr0Ceconomie0C0A10A123152520Een0Ebref/story01.htm,
http://rss.feedsportal.com/c/32268/f/438247/s/11eafa20/l/0L0Sliberation0Bfr0Ceconomie0C0A10A123152680Emessier0Eet0Eson0Epassage0Eavide0Econdamne/story01.htm,
http://rss.feedsportal.com/c/32268/f/438247/s/11eafa1f/l/0L0Sliberation0Bfr0Ceconomie0C0A10A123152540Eretraites0Erenault0Epenible0Epour0El0Eetat/story01.htm,
http://rss.feedsportal.com/c/32268/f/438247/s/11eafa1e/l/0L0Sliberation0Bfr0Ceconomie0C0A10A123152690Ereperes/story01.htm,
http://rss.feedsportal.com/c/32268/f/438247/s/11eafa1d/l/0L0Sliberation0Bfr0Ceconomie0C0A10A123152550Ele0Eclimat0Edes0Eaffaires0Ese0Erechauffe/story01.htm,
http://rss.feedsportal.com/c/32268/f/438247/s/11eafa1c/l/0L0Sliberation0Bfr0Ceconomie0C0A10A12315270A0Eun0Eancien0Emaitre0Edu0Emonde0Ereconverti0Edans0Ele0Econseil/story01.htm,
http://rss.feedsportal.com/c/32268/f/438247/s/11eafa1b/l/0L0Sliberation0Bfr0Ceconomie0C0A10A123152560Etgv0Eou0Eter0Eun0Etraitement0Ea0Edeux0Evitesses/story01.htm,
http://rss.feedsportal.com/c/32268/f/438247/s/11eafa1a/l/0L0Sliberation0Bfr0Ceconomie0C0A10A123152230Eretraites0Erecul0Esur0Ele0Emouvement/story01.htm,
http://rss.feedsportal.com/c/32268/f/438247/s/11e73971/l/0L0Sliberation0Bfr0Ceconomie0C0A10A12315170A0Evivendi0Emessier0Econdamne/story01.htm,
http://rss.feedsportal.com/c/32268/f/438247/s/11e7b42b/l/0L0Slibeorleans0Bfr0Clibe0C20A110C0A10Cdans0Ele0Eloiret0Eun0Edepute0Eliberal0Bhtml/story01.htm,
http://rss.feedsportal.com/c/32268/f/438247/s/11e5df47/l/0L0Sliberation0Bfr0Ceconomie0C0A10A123151510Erenault0Eva0Erecruter0E470A0A0Epersonnes0Esur0Etrois0Eans/story01.htm,
http://rss.feedsportal.com/c/32268/f/438247/s/11e1bb6b/l/0L0Sliberation0Bfr0Ceconomie0C0A10A123150A370Ereforme0Ecustomisable0Een0Eligne/story01.htm,
http://rss.feedsportal.com/c/32268/f/438247/s/11e1bb74/l/0L0Sliberation0Bfr0Ceconomie0C0A10A123150A60A0Eespionnage0Edes0Edoutes0Esur0Ela0Ethese0Ede0Erenault/story01.htm,
http://rss.feedsportal.com/c/32268/f/438247/s/11e1bb73/l/0L0Sliberation0Bfr0Ceconomie0C0A10A123150A670Echiffre/story01.htm,
http://rss.feedsportal.com/c/32268/f/438247/s/11e1bb72/l/0L0Sliberation0Bfr0Ceconomie0C0A10A123150A340Eles0Eclasses0Emodestes0Eet0Emoyennes0Epaient0Etrop/story01.htm,
http://rss.feedsportal.com/c/32268/f/438247/s/11e1bb71/l/0L0Sliberation0Bfr0Ceconomie0C0A10A123150A620Een0Ebref/story01.htm,
http://rss.feedsportal.com/c/32268/f/438247/s/11e1bb70/l/0L0Sliberation0Bfr0Ceconomie0C0A10A123150A350Ece0Etravail0Eprouve0Equ0Eil0Eest0Epossible0Ede0Efaire0Ebouger0Eles0Echoses/story01.htm,
http://rss.feedsportal.com/c/32268/f/438247/s/11e1bb6f/l/0L0Sliberation0Bfr0Ceconomie0C0A10A123150A630Ela0Ecroissance0Eplombee0Epar0Ele0Elogement/story01.htm,
http://rss.feedsportal.com/c/32268/f/438247/s/11e1bb6e/l/0L0Sliberation0Bfr0Ceconomie0C0A10A123150A360Ed0Eaccord0Epour0Esupprimer0Eles0Eniches/story01.htm,
http://rss.feedsportal.com/c/32268/f/438247/s/11e1bb6d/l/0L0Sliberation0Bfr0Ceconomie0C0A10A123150A640Erestauration0Eles0Enegociations0Ecapotent0Ea0El0Eheure0Edu0Erepas/story01.htm,
http://rss.feedsportal.com/c/32268/f/438247/s/11e1bb6c/l/0L0Sliberation0Bfr0Ceconomie0C0A10A123150A320Edu0Eneuf/story01.htm,
http://rss.feedsportal.com/c/32268/f/438247/s/11e1bb6a/l/0L0Sliberation0Bfr0Ceconomie0C0A10A123150A650Eenvironnement0Esante0Ele0Edesastre0Edes0Eusines0Eapple/story01.htm,
http://rss.feedsportal.com/c/32268/f/438247/s/11e1bb69/l/0L0Sliberation0Bfr0Ceconomie0C0A10A123150A330Ereperes/story01.htm,
http://rss.feedsportal.com/c/32268/f/438247/s/11de9fce/l/0L0Slibeorleans0Bfr0Clibe0C20A110C0A10Cloiret0Eschneider0Eelectric0Eva0Efermer0Eson0Esite0Efin0E20A120Bhtml/story01.htm,
http://rss.feedsportal.com/c/32268/f/438248/s/11e90e2e/l/0Lgrandparis0Bblogs0Bliberation0Bfr0Cvincendon0C20A110C0A10Caccord0Egrand0Eparis0Ela0Elettre0Ede0Ehuchon0E0Je0A0Eleroy0Bhtml/story01.htm,
http://rss.feedsportal.com/c/32268/f/438248/s/11e20ad9/l/0L0Sliberation0Bfr0Cterre0C0A10A123150A250Edes0Ehackers0Ebraquent0Ele0Emarche0Edes0Edroits0Ea0Epolluer/story01.htm,
http://rss.feedsportal.com/c/32268/f/438248/s/11e20ad8/l/0L0Sliberation0Bfr0Cterre0C0A10A123150A810Efrance0Eton0Egrand0Ehamster0Efout0Ele0Ecamp/story01.htm,
http://rss.feedsportal.com/c/32268/f/438248/s/11e20ad7/l/0L0Sliberation0Bfr0Cterre0C0A10A123150A80A0Ele0Egouvernement0Emouline0Esur0El0Eeolien0Eoffshore/story01.htm,
http://rss.feedsportal.com/c/32268/f/438248/s/11e20ad6/l/0L0Sliberation0Bfr0Cterre0C0A10A123150A260Ereperes/story01.htm,
http://rss.feedsportal.com/c/32268/f/438248/s/11deb318/l/0L0Slibetoulouse0Bfr0C20A0A70C20A110C0A10Calerte0Eau0Edioxyde0Edazote0Esur0Elaglom0Je9ration0Etoulousaine0Bhtml/story01.htm,
http://rss.feedsportal.com/c/32268/f/438248/s/11cbff99/l/0L0Sliberation0Bfr0Ceconomie0C0A10A123145450Ela0Echine0Eprompte0Ea0Eepurer0Eles0Echiffres0Ede0Esa0Epollution/story01.htm,
http://rss.feedsportal.com/c/32268/f/438248/s/11cbff98/l/0L0Sliberation0Bfr0Cterre0C0A10A123145480Eogm0Ele0Edebat0Eimpossible/story01.htm,
http://rss.feedsportal.com/c/32268/f/438248/s/11cbff97/l/0L0Sliberation0Bfr0Ceconomie0C0A10A123145470Een0Ebref/story01.htm,
http://rss.feedsportal.com/c/32268/f/438248/s/11cbff96/l/0L0Sliberation0Bfr0Cterre0C0A10A123145460Ephotovoltaique0Eune0Eaide0Ejugee0Epeu0Eenergique/story01.htm,
http://rss.feedsportal.com/c/32268/f/438248/s/11c1305d/l/0L0Sliberation0Bfr0Ceconomie0C0A10A123142940Eil0Efaut0Eune0Ebanque0Ecentrale0Emondiale0Edes0Edenrees/story01.htm,
http://rss.feedsportal.com/c/32268/f/438248/s/11c1305c/l/0L0Sliberation0Bfr0Ceconomie0C0A10A123142930Ela0Ebombe0Ea0Eretardement0Ealimentaire/story01.htm,
http://rss.feedsportal.com/c/32268/f/438248/s/11bb69c3/l/0L0Slibetoulouse0Bfr0C20A0A70C20A110C0A10Cbruno0Epraderie0E0Je0A0Enicolas0Esarkozy0Evous0Evous0Emoquez0Edu0Emonde0Bhtml/story01.htm,
http://rss.feedsportal.com/c/32268/f/438248/s/11bb69c4/l/0L0Slibestrasbourg0Bfr0Cactu0C20A110C0A10Clourde0Epeine0Een0Eappel0Epour0Ele0Ecoupeur0Ede0Evigne0Eogm0Bhtml/story01.htm,
http://rss.feedsportal.com/c/32268/f/438248/s/11b6ba14/l/0L0Sliberation0Bfr0Cterre0C0A10A123140A830Ereperes/story01.htm,
http://rss.feedsportal.com/c/32268/f/438248/s/11b6ba13/l/0L0Sliberation0Bfr0Cterre0C0A10A123140A820Ela0Eterre0Es0Eest0Edecollee0Edes0Emontagnes/story01.htm,
http://rss.feedsportal.com/c/32268/f/438248/s/11a8322e/l/0L0Sliberation0Bfr0Cterre0C0A10A123138310Ereperes/story01.htm,
http://rss.feedsportal.com/c/32268/f/438248/s/11a83224/l/0L0Sliberation0Bfr0Cterre0C0A10A12313830A0Ebresil0Eune0Ecatastrophe0Epas0Esi0Enaturelle/story01.htm,
http://rss.feedsportal.com/c/32268/f/438248/s/119f7404/l/0L0Slibestrasbourg0Bfr0Cactu0C20A110C0A10Csarkozy0Einterpelle0Esur0Ele0Egco0Bhtml/story01.htm,
http://rss.feedsportal.com/c/32268/f/438248/s/119dec9e/l/0L0Sliberation0Bfr0Cterre0C0A10A123135730Een0E20A10A0Ela0Eplanete0Es0Eest0Efait0Eune0Egrosse0Echaleur/story01.htm,
http://rss.feedsportal.com/c/32268/f/438248/s/119dec9d/l/0L0Sliberation0Bfr0Cterre0C0A10A123135750Ereperes/story01.htm,
http://rss.feedsportal.com/c/32268/f/438248/s/119dec9c/l/0L0Sliberation0Bfr0Cterre0C0A10A123135740Eni0Ea0Eet0Emoussons0Eremuent0Eciel0Eet0Eterre/story01.htm,
http://rss.feedsportal.com/c/32268/f/438248/s/1199e998/l/0L0Slibestrasbourg0Bfr0Cactu0C20A110C0A10Cfeu0Evert0Epour0Eun0Eprojet0Ede0Egeothermie0Ea0Eusage0Eindustriel0Bhtml/story01.htm,
http://rss.feedsportal.com/c/32268/f/438248/s/119328b6/l/0L0Sliberation0Bfr0Ceconomie0C0A10A12313320A0Ereperes/story01.htm,
http://rss.feedsportal.com/c/32268/f/438248/s/119328b4/l/0L0Sliberation0Bfr0Cterre0C0A10A123133190Eallemagne0Ela0Ebasse0Ecour0Ea0Esa0Eperte/story01.htm,
http://rss.feedsportal.com/c/32268/f/438250/s/11ebf466/l/0L0Sliberation0Bfr0Cmedias0C0A10A123152410Eles0Echoix/story01.htm,
http://rss.feedsportal.com/c/32268/f/438250/s/11ebf463/l/0L0Sliberation0Bfr0Cmedias0C0A10A12315230A0Einstants0Etele/story01.htm,
http://rss.feedsportal.com/c/32268/f/438250/s/11ebf460/l/0L0Sliberation0Bfr0Cmedias0C0A10A123152310Ecui0Ecui0Edans0Eles0Eecoutilles/story01.htm,
http://rss.feedsportal.com/c/32268/f/438250/s/11ebf45f/l/0L0Sliberation0Bfr0Cmedias0C0A10A123152420Eles0Echoix/story01.htm,
http://rss.feedsportal.com/c/32268/f/438250/s/11ebf45e/l/0L0Sliberation0Bfr0Cmedias0C0A10A123152290Emixed0Egrille/story01.htm,
http://rss.feedsportal.com/c/32268/f/438250/s/11ebf45d/l/0L0Sliberation0Bfr0Cmedias0C0A10A123152320Emobile0Ela0E30Ed0Esans0Elunettes/story01.htm,
http://rss.feedsportal.com/c/32268/f/438250/s/11e1ce8f/l/0L0Sliberation0Bfr0Cmedias0C0A10A123150A460Esylvie0Ekauffmann/story01.htm,
http://rss.feedsportal.com/c/32268/f/438250/s/11e1ce8c/l/0L0Sliberation0Bfr0Cmedias0C0A10A123150A520Ebuffett0Equitte0Ele0Ewashington0Epost/story01.htm,
http://rss.feedsportal.com/c/32268/f/438250/s/11e1ce88/l/0L0Sliberation0Bfr0Cmedias0C0A10A123150A50A0Echiffre/story01.htm,
http://rss.feedsportal.com/c/32268/f/438250/s/11e1ce87/l/0L0Sliberation0Bfr0Cmedias0C0A10A123150A470Eles0Ecandidats0Ede0El0Eombre/story01.htm,
http://rss.feedsportal.com/c/32268/f/438250/s/11e1ce86/l/0L0Sliberation0Bfr0Cmedias0C0A10A123150A530Eelmore0Eleonard0Etout0Ea0Efait0Ejustified/story01.htm,
http://rss.feedsportal.com/c/32268/f/438250/s/11e1ce85/l/0L0Sliberation0Bfr0Cmedias0C0A10A123150A510Eles0Echoix/story01.htm,
http://rss.feedsportal.com/c/32268/f/438250/s/11e1ce84/l/0L0Sliberation0Bfr0Cmedias0C0A10A123150A450Ele0Emonde0Eune0Esuccession0Etreize0Eouverte/story01.htm,
http://rss.feedsportal.com/c/32268/f/438250/s/11e1ce83/l/0L0Sliberation0Bfr0Cmedias0C0A10A123150A480Emichel0Ebutel0Ejean0Emichel0Edumay0Eremy0Eourdan0Earnaud0Eleparmentier0Eolivier0Ebiffaud0Eclaude0Eleblanc0Ebernard0Eguetta0Eraphael0Emeltz/story01.htm,
http://rss.feedsportal.com/c/32268/f/438250/s/11dcd798/l/0Lsciences0Bblogs0Bliberation0Bfr0Chome0C20A110C0A10Cles0Ebogdanov0Eportent0Eplainte0Econtre0Emarianne0Bhtml/story01.htm,
http://rss.feedsportal.com/c/32268/f/438250/s/11dd8ed5/l/0L0Sliberation0Bfr0Cmedias0C0A60A129390Esilence0Eon0Ejoue0Ela0Elegende0Ede0Epac0Eman/story01.htm,
http://rss.feedsportal.com/c/32268/f/438250/s/11dbacb0/l/0L0Sliberation0Bfr0Cmedias0C0A10A1231490A0A0Eplantu0Erepond0Ea0Emelenchon/story01.htm,
http://rss.feedsportal.com/c/32268/f/438250/s/11dad0ba/l/0Lrugby0Bblogs0Bliberation0Bfr0Cninet0C20A110C0A10Cxv0Ede0Efrance0Eli0Je8vremont0Efait0Edeux0Epas0Een0Eavant0Bhtml/story01.htm,
http://rss.feedsportal.com/c/32268/f/438250/s/11d71933/l/0L0Sliberation0Bfr0Cmedias0C0A10A123147980Ecanal0Ese0Efarcit0Ea0El0Eorange/story01.htm,
http://rss.feedsportal.com/c/32268/f/438250/s/11d71932/l/0L0Sliberation0Bfr0Cmedias0C0A10A123147750Ey0Ea0Et0Eil0Eune0Etaupe0Ea0Ewikileaks/story01.htm,
http://rss.feedsportal.com/c/32268/f/438250/s/11d71931/l/0L0Sliberation0Bfr0Cmedias0C0A10A12314770A0Een0Ebref/story01.htm,
http://rss.feedsportal.com/c/32268/f/438250/s/11d71930/l/0L0Sliberation0Bfr0Cmedias0C0A10A123147730Epopo0Ele0Epetit0Erobot/story01.htm,
http://rss.feedsportal.com/c/32268/f/438250/s/11d7192f/l/0L0Sliberation0Bfr0Cmedias0C0A10A123147710Echiffre/story01.htm,
http://rss.feedsportal.com/c/32268/f/438250/s/11d7192e/l/0L0Sliberation0Bfr0Cmedias0C0A10A123147970Ecomcast0Enbc0Euniversal0Eun0Eogre0Enumerique0Eest0Ene/story01.htm,
http://rss.feedsportal.com/c/32268/f/438250/s/11d7192d/l/0L0Sliberation0Bfr0Cmedias0C0A10A123147740Eles0Echoix/story01.htm,
http://www.liberation.fr/sports/01012315251-reperes,
http://www.liberation.fr/sports/01012315248-didier-dinart-on-ne-badine-pas-avec-le-mur,
http://www.liberation.fr/sports/01012315249-ce-qui-nous-attend-c-est-pas-du-gateau,
http://www.liberation.fr/sports/01012315250-le-tour-principal,
http://www.liberation.fr/sports/11011253-le-sport-au-jour-le-jour,
http://www.liberation.fr/sports/01012314974-la-coupe-du-monde-au-qatar-les-non-dits-d-une-indignation,
http://www.liberation.fr/sports/01012315086-hand-les-bleus-accroches-par-l-espagne-28-28,
http://www.liberation.fr/sports/01012315082-deux-argentins-a-cote-de-leur-pampa,
http://www.liberation.fr/sports/01012315083-chiffre,
http://www.liberation.fr/sports/01012315085-strip-tease-interdit-a-sankt-pauli,
http://www.liberation.fr/sports/01012315084-en-bref,
http://www.liberation.fr/sports/01012314796-bastareaud-prive-de-tournoi,
http://www.liberation.fr/sports/01012314792-la-france-fait-rompre-la-mannschaft,
http://www.liberation.fr/sports/01012314789-lille-et-gervinho-survolent-la-ligue-1,
http://www.liberation.fr/sports/01012314795-tennis-simon-tout-pres-de-faire-tomber-federer,
http://rss.feedsportal.com/c/32268/f/438251/s/11f06b69/l/0Lnext0Bliberation0Bfr0Cvous0C0A10A12315240A0Edries0Evan0Enoten0Eau0Epoil/story01.htm,
http://rss.feedsportal.com/c/32268/f/438251/s/11efcba9/l/0Lnext0Bliberation0Bfr0Carts0C0A10A123151760Enotre0Erevue0Edu0Enet0Epop0Eof0Ethe0Eweb0E11/story01.htm,
http://rss.feedsportal.com/c/32268/f/438251/s/11cc03da/l/0Lnext0Bliberation0Bfr0Ccinema0C0A10A123144830Eyoutube0Eles0Eannees0Ecollage/story01.htm,
http://rss.feedsportal.com/c/32268/f/438251/s/11ec1450/l/0L0Sliberation0Bfr0Cculture0C0A10A12315260A0Ele0Enom0Ede0Eceline0Eme0Erevulse/story01.htm,
http://rss.feedsportal.com/c/32268/f/438251/s/11ec144f/l/0L0Sliberation0Bfr0Cculture0C0A10A123152590Eceline0Eaux0Eoubliettes/story01.htm,
http://rss.feedsportal.com/c/32268/f/438251/s/11ea2252/l/0L0Sliberation0Bfr0Cculture0C0A10A123152380Eune0Eorganisation0Eentre0Echaos0Eet0Ediscipline/story01.htm,
http://rss.feedsportal.com/c/32268/f/438251/s/11ea2251/l/0Lnext0Bliberation0Bfr0Cmusique0C0A10A123152450Ememento/story01.htm,
http://rss.feedsportal.com/c/32268/f/438251/s/11ea2250/l/0L0Sliberation0Bfr0Cculture0C0A10A123152430Ethierry0Emicouin0Eausculte0Eles0Eescort0Eboys/story01.htm,
http://rss.feedsportal.com/c/32268/f/438251/s/11ea224f/l/0L0Sliberation0Bfr0Cculture0C0A10A123152460Eles0Eauteurs0Equi0Esoutiennent0Ebattisti0Ecensures0Een0Evenetie/story01.htm,
http://rss.feedsportal.com/c/32268/f/438251/s/11ea224e/l/0L0Sliberation0Bfr0Cculture0C0A10A123152440Ecreation0Ed0Eun0Ecesar0Edu0Edessin0Eanime/story01.htm,
http://rss.feedsportal.com/c/32268/f/438251/s/11ea224d/l/0L0Sliberation0Bfr0Cculture0C0A10A12315220A0Ela0Eparodie0Epar0Eordi/story01.htm,
http://rss.feedsportal.com/c/32268/f/438251/s/11e9027d/l/0L0Sliberation0Bfr0Cculture0C110A112620Emartine0Ele0Egrand0Edetournement/story01.htm,
http://rss.feedsportal.com/c/32268/f/438251/s/11e975f7/l/0L0Sliberation0Bfr0Cculture0C0A10A1231520A60Efrederic0Emitterrand0Eretire0Eceline0Edes0Ecelebrations0Enationales0E20A11/story01.htm,
http://rss.feedsportal.com/c/32268/f/438251/s/11e9a707/l/0L0Sliberation0Bfr0Clivres0C0A60A129520El0Ealbum0Edes0Eecrivains0Ethierry0Ejonquet0Een0E1985/story01.htm,
http://rss.feedsportal.com/c/32268/f/438251/s/11e7da62/l/0L0Sliberation0Bfr0Cculture0C0A10A123151770Emartine0Eest0Eorpheline/story01.htm,
http://rss.feedsportal.com/c/32268/f/438251/s/11e88b81/l/0Lmarxsister0Bblogs0Bliberation0Bfr0C20A0A80C20A110C0A10Ctous0Eles0Ehoroscopes0Esont0Ede0Edroite0Esuite0Bhtml/story01.htm,
http://rss.feedsportal.com/c/32268/f/438251/s/11e74ba9/l/0Lnext0Bliberation0Bfr0Ccinema0C0A10A123151740Esaddam0Ehussein0Ejoue0Eau0Ecinema0Epar0Esacha0Ebaron0Ecohen/story01.htm,
http://rss.feedsportal.com/c/32268/f/438251/s/11e7da63/l/0Lfeuilletons0Bblogs0Bliberation0Bfr0Cseries0C20A110C0A10Ctrash0Eet0Et0Je9l0Je9vision0Ele0Ecas0Ebreaking0Ebad0Bhtml/story01.htm,
http://rss.feedsportal.com/c/32268/f/438251/s/11dbf069/l/0Lnext0Bliberation0Bfr0Cculture0C110A112570Ele0Echelsea0Ehotel0Ede0Enew0Eyork0Eest0Ea0Evendre/story01.htm,
http://rss.feedsportal.com/c/32268/f/438251/s/11daa30e/l/0Lnext0Bliberation0Bfr0Ccinema0C0A10A123148770Ehors0Ela0Eloi0Eet0Ebiutiful0Epreselectionnes0Eaux0Eoscars/story01.htm,
http://rss.feedsportal.com/c/32268/f/438251/s/11e49854/l/0Lnext0Bliberation0Bfr0Cvous0C0A10A123150A160Emugler0Ela0Eresurrection/story01.htm,
http://rss.feedsportal.com/c/32268/f/438251/s/11e64aa9/l/0Lnext0Bliberation0Bfr0Cmusique0C0A10A123151470Eeuropunk0Eno0Efuture0Ea0Ela0Evilla0Emedicis/story01.htm,
http://rss.feedsportal.com/c/32268/f/438251/s/11d46baa/l/0L0Sliberation0Bfr0Cculture0C0A10A123147390Ela0Ebelle0Eapeuree/story01.htm,
http://rss.feedsportal.com/c/32268/f/438251/s/11e62e40/l/0Lnext0Bliberation0Bfr0Carts0C0A10A123151320Etrois0Enuits0Eet0Equatre0Ejours0Eavec0Eclaude0Emonet/story01.htm,
http://rss.feedsportal.com/c/32268/f/438251/s/11e49855/l/0Lnext0Bliberation0Bfr0Carts0C110A11260A0Evos0Emeilleures0Ephotos0Ede0Ela0Esemaine/story01.htm,
http://www.lemonde.fr/afrique/article/2011/01/23/le-chef-de-la-banque-ouest-africaine-partisan-de-laurent-gbagbo-demissionne_1469480_3212.html#xtor=RSS-3208,
http://handball.blog.lemonde.fr/2011/01/23/claude-onesta-un-match-pour-sortir-un-peu-du-noir/#xtor=RSS-32280322#xtor=RSS-3208,
http://www.lemonde.fr/afrique/article/2011/01/23/l-organisation-d-elections-en-centrafrique-un-veritable-defi_1469435_3212.html#xtor=RSS-3208,
http://www.lemonde.fr/sport/portfolio/2011/01/23/open-d-australie-federer-et-djokovic-qualifie-pour-les-quarts_1469476_3242.html#xtor=RSS-3208,
http://www.lemonde.fr/europe/portfolio/2011/01/23/au-portugal-l-ampleur-de-la-victoire-au-1er-tour-est-le-seul-enjeu-de-la-presidentielle_1468875_3214.html#ens_id=1468989&xtor=RSS-3208,
http://www.lemonde.fr/tunisie/article/2011/01/23/arrivee-a-tunis-de-la-caravane-de-la-liberation_1469466_1466522.html#ens_id=1245377&xtor=RSS-3208,
http://midem.blog.lemonde.fr/2011/01/23/les-nrj-awards-avant-lafter/#xtor=RSS-3208,
http://www.lemonde.fr/economie/article/2011/01/23/espionnage-chez-renault-carlos-ghosn-sort-de-son-silence_1469460_3234.html#xtor=RSS-3208,
http://www.lemonde.fr/sport/article/2011/01/23/lance-armstrong-met-un-terme-a-sa-carriere_1469452_3242.html#xtor=RSS-3208,
http://www.lemonde.fr/sport/article/2011/01/22/handball-les-bleus-en-demonstration-contre-la-hongrie_1469447_3242.html#xtor=RSS-3208,
http://www.lemonde.fr/sport/article/2011/01/22/l1-lens-sort-de-la-zone-de-relegation_1469445_3242.html#xtor=RSS-3208,
http://balle-de-break.blog.lemonde.fr/2011/01/22/nadal-oui-mais/#xtor=RSS-3208,
http://handball.blog.lemonde.fr/2011/01/22/france-hongrie-en-direct-3/#xtor=RSS-3208,
http://midem.blog.lemonde.fr/2011/01/22/au-dela-de-l%e2%80%99univers-avec-david-guetta/#xtor=RSS-3208,
http://www.lemonde.fr/tunisie/article/2011/01/22/partie-du-centre-de-la-tunisie-une-marche-pour-un-nouveau-gouvernement_1469428_1466522.html#ens_id=1245377&xtor=RSS-3208,
http://handball.blog.lemonde.fr/2011/01/22/cest-reparti-pour-un-tour-principal/#xtor=RSS-3208,
http://www.lemonde.fr/sport/article/2011/01/22/coupe-d-europe-de-rugby-biarritz-fait-le-travail-toulon-s-incline_1469425_3242.html#xtor=RSS-3208,
http://www.lemonde.fr/afrique/article/2011/01/22/paris-juge-le-renvoi-par-gbagbo-de-son-ambassadeur-sans-effet-juridique_1469424_3212.html#xtor=RSS-3208,
http://www.lemonde.fr/societe/article/2011/01/22/philippe-even-l-indigne-de-la-medecine_1468444_3224.html#ens_id=1440622&xtor=RSS-3208,
http://www.lemonde.fr/societe/article/2011/01/22/isomeride-le-laboratoire-servier-condamne-a-indemniser-la-famille-d-une-victime_1469418_3224.html#ens_id=1440622&xtor=RSS-3208,
http://www.lemonde.fr/sport/portfolio/2011/01/22/foot-europeen-arsenal-maintient-la-pression-sur-manchester_1469423_3242.html#xtor=RSS-3208,
http://monde-rural.blog.lemonde.fr/2011/01/22/centre-de-loisirs-vous-choisissez-la-ville-ou-la-campagne/#xtor=RSS-3208,
http://www.lemonde.fr/tunisie/article/2011/01/22/dans-une-mosquee-rouverte-de-tunis-un-premier-preche-libre-et-deja-conteste_1469410_1466522.html#ens_id=1245377&xtor=RSS-3208,
http://www.lemonde.fr/sport/article/2011/01/22/coupe-de-france-chambery-qualifie-pour-les-8es-de-finale_1469409_3242.html#xtor=RSS-3208,
http://www.lemonde.fr/sport/article/2011/01/22/pascal-bidegorry-part-a-l-assaut-du-trophee-jules-verne_1469406_3242.html#xtor=RSS-3208